-- phpMyAdmin SQL Dump
-- version 4.2.7.1
-- http://www.phpmyadmin.net
--
-- Host: 127.0.0.1
-- Generation Time: Aug 17, 2015 at 08:30 AM
-- Server version: 5.6.20
-- PHP Version: 5.5.15

SET SQL_MODE = "NO_AUTO_VALUE_ON_ZERO";
SET time_zone = "+00:00";


/*!40101 SET @OLD_CHARACTER_SET_CLIENT=@@CHARACTER_SET_CLIENT */;
/*!40101 SET @OLD_CHARACTER_SET_RESULTS=@@CHARACTER_SET_RESULTS */;
/*!40101 SET @OLD_COLLATION_CONNECTION=@@COLLATION_CONNECTION */;
/*!40101 SET NAMES utf8 */;

--
-- Database: `hpo-hris`
--

-- --------------------------------------------------------

--
-- Table structure for table `departments`
--

CREATE TABLE IF NOT EXISTS `departments` (
`id` int(10) unsigned NOT NULL,
  `department_code` varchar(10) NOT NULL,
  `name` varchar(100) NOT NULL,
  `description` varchar(255) NOT NULL,
  `created_at` timestamp NOT NULL DEFAULT CURRENT_TIMESTAMP ON UPDATE CURRENT_TIMESTAMP,
  `updated_at` timestamp NOT NULL DEFAULT '0000-00-00 00:00:00'
) ENGINE=InnoDB  DEFAULT CHARSET=latin1 AUTO_INCREMENT=10 ;

--
-- Dumping data for table `departments`
--

INSERT INTO `departments` (`id`, `department_code`, `name`, `description`, `created_at`, `updated_at`) VALUES
(1, 'WebDev', 'Web Development', 'Web Developers, Software Devs, Mobile Devs', '2015-08-05 06:31:05', '0000-00-00 00:00:00'),
(2, 'ADMIN', 'Administrator', 'Admin office staffs', '2015-08-08 07:19:39', '0000-00-00 00:00:00'),
(3, 'SysAd', 'System Administrator', 'Maintains technical problems', '2015-08-08 00:07:38', '2015-08-08 00:07:38'),
(4, 'Sales&Mar', 'Sales and Marketing', '', '2015-08-08 06:15:58', '2015-08-08 06:15:58'),
(5, 'QA', 'Quality Assurance', '', '2015-08-08 06:17:12', '2015-08-08 06:17:12'),
(6, 'ENGAGEIQ', 'Engage IQ', 'Sample ', '2015-08-15 07:14:27', '2015-08-14 23:14:27'),
(7, 'Creative', 'Creative', '', '2015-08-14 23:11:01', '2015-08-14 23:11:01'),
(8, 'PMO', 'PMO', '', '2015-08-14 23:13:05', '2015-08-14 23:13:05'),
(9, 'IM', 'IM', '', '2015-08-14 23:15:54', '2015-08-14 23:15:54');

-- --------------------------------------------------------

--
-- Table structure for table `employees`
--

CREATE TABLE IF NOT EXISTS `employees` (
`id` int(10) unsigned NOT NULL,
  `employee_id` int(11) unsigned NOT NULL,
  `first_name` varchar(45) NOT NULL,
  `middle_name` varchar(45) DEFAULT NULL,
  `last_name` varchar(45) NOT NULL,
  `status` enum('1','0') NOT NULL DEFAULT '1',
  `department_id` int(10) unsigned NOT NULL,
  `created_at` timestamp NOT NULL DEFAULT CURRENT_TIMESTAMP ON UPDATE CURRENT_TIMESTAMP,
  `updated_at` timestamp NOT NULL DEFAULT '0000-00-00 00:00:00'
) ENGINE=InnoDB  DEFAULT CHARSET=latin1 AUTO_INCREMENT=77 ;

--
-- Dumping data for table `employees`
--

INSERT INTO `employees` (`id`, `employee_id`, `first_name`, `middle_name`, `last_name`, `status`, `department_id`, `created_at`, `updated_at`) VALUES
(1, 802005, 'Leonardo Jr.', 'Alcantara', 'Galos', '1', 3, '2015-08-15 07:09:13', '2015-08-14 23:09:13'),
(2, 805067, 'Romeo Jr.', 'Ibañez', 'Mangaya-ay', '1', 1, '2015-08-14 17:56:56', '2015-08-14 17:56:56'),
(3, 810079, 'Ali ', 'Calderon', 'Mofan ', '1', 3, '2015-08-15 07:08:50', '2015-08-14 23:08:50'),
(4, 410001, 'Juan Paulo', 'Santos ', 'Saravia', '1', 4, '2015-08-15 07:08:25', '2015-08-14 23:08:25'),
(5, 506001, 'Gene Voltaire', 'Acuesta', 'Dequito', '1', 1, '2015-08-14 17:56:56', '2015-08-14 17:56:56'),
(6, 702003, 'Ares', 'Lacap', 'Cabahug', '1', 7, '2015-08-15 07:11:35', '2015-08-14 23:11:35'),
(7, 706009, 'Roque Jay', 'Lampios', 'Maneja', '1', 7, '2015-08-15 07:11:23', '2015-08-14 23:11:23'),
(8, 710026, 'Enrico Rafael', 'De Jesus', 'Macaraig', '1', 7, '2015-08-15 07:12:40', '2015-08-14 23:12:40'),
(9, 801002, 'Rea May', 'Apita', 'Fuentes', '1', 9, '2015-08-15 07:16:26', '2015-08-14 23:16:26'),
(10, 801001, 'Daniel', 'Intong', 'Revil', '1', 7, '2015-08-15 07:11:12', '2015-08-14 23:11:12'),
(11, 806048, 'Dennis', 'Semilla', 'Lucero', '1', 2, '2015-08-15 07:09:29', '2015-08-14 23:09:29'),
(12, 811086, 'Queency', 'Panisal', 'Alfante', '1', 9, '2015-08-15 07:16:37', '2015-08-14 23:16:37'),
(13, 904061, 'Elaine Ingrid', 'Neri', 'Manlangit', '1', 2, '2015-08-15 07:09:58', '2015-08-14 23:09:58'),
(14, 911131, 'Aaron Paul', 'Tito', 'Duhaylungsod', '1', 9, '2015-08-15 07:18:19', '2015-08-14 23:18:19'),
(15, 1006041, 'April Rose ', 'Relampagos', 'Alforque', '1', 2, '2015-08-15 07:09:43', '2015-08-14 23:09:43'),
(16, 1010062, 'Rian Ree', 'Patron', 'Barrientos', '1', 1, '2015-08-14 17:56:56', '2015-08-14 17:56:56'),
(17, 1101010, 'Jose Bernard', 'Pond', 'Sevilla', '1', 9, '2015-08-15 07:17:20', '2015-08-14 23:17:20'),
(18, 1104022, 'Dann Robert', 'Tan', 'Yu', '1', 6, '2015-08-15 07:14:17', '2015-08-14 23:14:17'),
(19, 1108042, 'John Cesar', 'Enriquez', 'Manlangit', '1', 1, '2015-08-14 17:56:57', '2015-08-14 17:56:57'),
(20, 1109044, 'Anna Liza', 'Doro-on', 'Masangkay', '1', 8, '2015-08-15 07:13:32', '2015-08-14 23:13:32'),
(21, 1103018, 'Montgomery', 'Cabillan', 'Magbanua', '1', 6, '2015-08-15 07:14:52', '2015-08-14 23:14:52'),
(22, 1203008, 'Jhecyl Mae', 'Arias', 'Cuevas', '1', 9, '2015-08-15 07:17:52', '2015-08-14 23:17:52'),
(23, 1203014, 'Craig John', 'Castañeda', 'Neniel', '1', 9, '2015-08-15 07:16:54', '2015-08-14 23:16:54'),
(24, 1203020, 'Carlo Franco', 'Bayani', 'Lozano', '1', 5, '2015-08-15 07:07:35', '2015-08-14 23:07:35'),
(25, 1203026, 'Jessa Mae', 'Calamba', 'Deloy', '1', 6, '2015-08-15 07:15:37', '2015-08-14 23:15:37'),
(26, 1203029, 'Ma. Louiselle', 'Digamon', 'Jose', '1', 9, '2015-08-15 07:16:10', '2015-08-14 23:16:10'),
(27, 1203035, 'Brylle', 'Duco', 'Seraspe', '1', 1, '2015-08-14 17:56:57', '2015-08-14 17:56:57'),
(28, 1203036, 'Mark', 'Billones', 'Tacatani', '1', 8, '2015-08-15 07:13:56', '2015-08-14 23:13:56'),
(29, 1203042, 'Jayson', 'Miparanum', 'Aso', '1', 9, '2015-08-15 07:16:46', '2015-08-14 23:16:46'),
(30, 1203049, 'Ariel', 'Cacanog', 'Magbanua', '1', 1, '2015-08-14 17:56:57', '2015-08-14 17:56:57'),
(31, 1203050, 'Reu Salvy', 'Sagmit', 'Delima', '1', 9, '2015-08-15 07:18:07', '2015-08-14 23:18:07'),
(32, 1203056, 'Michael Angelo', 'Giducos', 'Leones', '1', 2, '2015-08-15 07:10:29', '2015-08-14 23:10:29'),
(33, 1203064, 'Jake', 'Velasco', 'Duldulao', '1', 1, '2015-08-14 17:56:57', '2015-08-14 17:56:57'),
(34, 1203069, 'Reynand', 'Dulay', 'Collado', '1', 9, '2015-08-15 07:18:34', '2015-08-14 23:18:34'),
(35, 1203072, 'Ivy Frances', 'Sarsalejo', 'Labitan', '1', 9, '2015-08-15 07:17:09', '2015-08-14 23:17:09'),
(36, 1203080, 'Donna Mae', 'Quitong', 'Tabuno', '1', 3, '2015-08-15 07:08:59', '2015-08-14 23:08:59'),
(37, 1203082, 'Olive', 'Nazareno', 'Sumampong', '1', 2, '2015-08-15 07:10:12', '2015-08-14 23:10:12'),
(38, 1203085, 'Daniel', 'Rubiato', 'Laurel', '1', 1, '2015-08-14 17:56:57', '2015-08-14 17:56:57'),
(39, 1203089, 'Chiara', 'Bangoy', 'Patrimonio', '1', 8, '2015-08-15 07:13:17', '2015-08-14 23:13:17'),
(40, 1203090, 'Melvin Rey', 'Antiquin', 'Basco', '1', 7, '2015-08-15 07:11:51', '2015-08-14 23:11:51'),
(41, 1203091, 'Dexter Ken', 'Nerosa', 'Candia', '1', 1, '2015-08-14 17:56:57', '2015-08-14 17:56:57'),
(42, 1203094, 'Rika Joahnah', 'Fiel', 'Sison', '1', 8, '2015-08-15 07:14:06', '2015-08-14 23:14:06'),
(43, 1203107, 'Jayvee', 'Rizon', 'Sumande', '1', 1, '2015-08-14 17:56:58', '2015-08-14 17:56:58'),
(44, 1203110, 'Johneil', 'Celestial', 'Quijano', '1', 1, '2015-08-14 17:56:58', '2015-08-14 17:56:58'),
(45, 1203120, 'Julius Ryan', 'Arboleda', 'Paches', '1', 1, '2015-08-14 17:56:58', '2015-08-14 17:56:58'),
(46, 1203126, 'Ma. Luisa Andrea', 'Quillo', 'Coloso', '1', 6, '2015-08-15 07:15:23', '2015-08-14 23:15:23'),
(47, 140502, 'Nepthaly', 'Caro', 'Talavera', '1', 2, '2015-08-17 05:58:08', '2015-08-16 21:58:08'),
(48, 140702, 'Hazel Love', 'Coloma', 'Rosales', '1', 8, '2015-08-15 07:13:43', '2015-08-14 23:13:43'),
(49, 140902, 'Arriz', 'Divinagracia', 'San Juan', '1', 7, '2015-08-15 07:12:15', '2015-08-14 23:12:15'),
(50, 140903, 'Edward John', 'Paglinawan', 'Diola', '1', 7, '2015-08-15 07:12:02', '2015-08-14 23:12:02'),
(51, 140904, 'Gerard Albert', 'Pimentel', 'Cañada', '1', 6, '2015-08-15 07:15:07', '2015-08-14 23:15:07'),
(52, 140905, 'Patrick Angelo', 'Galve', 'Cameguing', '1', 1, '2015-08-14 17:56:58', '2015-08-14 17:56:58'),
(66, 141002, 'Karla', NULL, 'Librero', '1', 1, '2015-08-16 19:39:48', '2015-08-16 19:39:48'),
(67, 141103, 'Dave Francis', 'Mansilita', 'Cancio', '1', 9, '2015-08-17 04:54:33', '2015-08-16 20:54:33'),
(68, 150102, 'Michael Angelo', 'Omero', 'Tarongoy', '1', 1, '2015-08-16 19:39:48', '2015-08-16 19:39:48'),
(69, 150103, 'Edward Jonathan ', 'Opinion', 'Potot', '1', 8, '2015-08-17 04:55:19', '2015-08-16 20:55:19'),
(70, 150401, 'Marwil', 'Yder', 'Burton', '1', 6, '2015-08-17 04:55:51', '2015-08-16 20:55:51'),
(71, 150403, 'Norgen', 'Balo', 'Tapel', '1', 9, '2015-08-17 04:56:18', '2015-08-16 20:56:18'),
(72, 150501, 'Javin Jet', 'Agustin', 'Tevar', '1', 4, '2015-08-17 04:56:42', '2015-08-16 20:56:42'),
(73, 150502, 'Juan Basilio', 'Teves', 'Espinoza', '1', 9, '2015-08-17 04:57:05', '2015-08-16 20:57:05'),
(74, 150503, 'Xander John', 'Mina', 'Dacyon', '1', 1, '2015-08-16 19:39:48', '2015-08-16 19:39:48'),
(75, 150506, 'John Jason', 'Marquez', 'Baladiang', '1', 1, '2015-08-16 19:39:48', '2015-08-16 19:39:48'),
(76, 150801, 'Vincent Jake', NULL, 'Calag', '1', 1, '2015-08-16 19:39:48', '2015-08-16 19:39:48');

-- --------------------------------------------------------

--
-- Table structure for table `employee_dtr`
--

CREATE TABLE IF NOT EXISTS `employee_dtr` (
`id` int(10) unsigned NOT NULL,
  `employee_id` int(10) unsigned NOT NULL,
  `start_of_duty` datetime DEFAULT NULL,
  `first_out` datetime DEFAULT NULL,
  `first_in` datetime DEFAULT NULL,
  `second_out` datetime DEFAULT NULL,
  `second_in` datetime DEFAULT NULL,
  `third_out` datetime DEFAULT NULL,
  `third_in` datetime DEFAULT NULL,
  `end_of_duty` datetime DEFAULT NULL,
  `undertime` time NOT NULL DEFAULT '00:00:00',
  `late` time NOT NULL DEFAULT '00:00:00',
  `overbreak` time NOT NULL DEFAULT '00:00:00'
) ENGINE=InnoDB  DEFAULT CHARSET=latin1 AUTO_INCREMENT=2722 ;

--
-- Dumping data for table `employee_dtr`
--

INSERT INTO `employee_dtr` (`id`, `employee_id`, `start_of_duty`, `first_out`, `first_in`, `second_out`, `second_in`, `third_out`, `third_in`, `end_of_duty`, `undertime`, `late`, `overbreak`) VALUES
(2244, 1203035, '2015-08-04 01:03:50', '2015-08-04 15:48:26', '2015-08-04 20:07:59', NULL, NULL, NULL, NULL, '2015-08-04 20:32:36', '00:00:00', '00:00:00', '04:04:33'),
(2245, 1203035, '2015-08-05 01:34:13', '2015-08-05 15:47:58', '2015-08-05 18:56:35', NULL, NULL, NULL, NULL, '2015-08-05 19:21:10', '00:00:00', '00:00:00', '02:53:37'),
(2246, 1203035, '2015-08-11 00:07:15', '2015-08-11 00:47:18', '2015-08-11 01:23:54', NULL, NULL, NULL, NULL, '2015-08-11 16:58:54', '00:00:00', '00:00:00', '00:21:36'),
(2247, 1203035, '2015-08-12 01:12:16', '2015-08-12 17:08:28', '2015-08-12 18:44:30', NULL, NULL, NULL, NULL, '2015-08-12 18:45:43', '00:00:00', '00:00:00', '01:21:02'),
(2248, 1203035, '2015-08-13 01:38:20', '2015-08-13 17:06:04', '2015-08-13 20:17:52', NULL, NULL, NULL, NULL, '2015-08-13 20:40:14', '00:00:00', '00:00:00', '02:56:48'),
(2249, 1203035, '2015-08-14 01:33:13', '2015-08-14 17:17:59', '2015-08-14 20:42:48', NULL, NULL, NULL, NULL, '2015-08-14 21:09:37', '00:00:00', '00:00:00', '03:09:49'),
(2250, 141002, '2015-08-03 07:55:26', '2015-08-03 11:39:07', '2015-08-03 11:56:13', NULL, NULL, NULL, NULL, '2015-08-03 16:01:46', '00:00:00', '01:55:26', '00:00:00'),
(2251, 141002, '2015-08-04 06:29:33', '2015-08-04 09:46:34', '2015-08-04 10:01:27', NULL, NULL, NULL, NULL, '2015-08-04 14:03:33', '00:00:00', '00:29:33', '00:00:00'),
(2252, 141002, '2015-08-05 06:44:08', '2015-08-05 10:38:06', '2015-08-05 11:08:28', NULL, NULL, NULL, NULL, '2015-08-05 14:38:41', '00:00:00', '00:44:08', '00:00:22'),
(2253, 141002, '2015-08-07 07:26:51', '2015-08-07 11:21:17', '2015-08-07 11:37:15', NULL, NULL, NULL, NULL, '2015-08-07 16:11:29', '00:00:00', '01:26:51', '00:00:00'),
(2254, 141002, '2015-08-08 06:47:18', NULL, NULL, NULL, NULL, NULL, NULL, '2015-08-08 10:00:11', '03:59:49', '00:47:18', '00:00:00'),
(2255, 141002, '2015-08-10 08:23:43', NULL, NULL, NULL, NULL, NULL, NULL, '2015-08-10 12:30:08', '01:29:52', '02:23:43', '00:00:00'),
(2256, 141002, '2015-08-11 06:41:58', '2015-08-11 12:10:31', '2015-08-11 12:32:18', NULL, NULL, NULL, NULL, '2015-08-11 14:11:32', '00:00:00', '00:41:58', '00:00:00'),
(2257, 141002, '2015-08-12 06:40:34', '2015-08-12 10:01:21', '2015-08-12 10:20:24', NULL, NULL, NULL, NULL, '2015-08-12 14:29:55', '00:00:00', '00:40:34', '00:00:00'),
(2258, 141002, '2015-08-13 06:22:42', '2015-08-13 09:51:04', '2015-08-13 10:04:10', NULL, NULL, NULL, NULL, '2015-08-13 11:21:18', '02:38:42', '00:22:42', '00:00:00'),
(2259, 141002, '2015-08-15 06:24:11', NULL, NULL, NULL, NULL, NULL, NULL, '2015-08-15 11:59:18', '02:00:42', '00:24:11', '00:00:00'),
(2260, 1203110, '2015-08-03 08:12:07', NULL, NULL, NULL, NULL, NULL, NULL, '2015-08-03 17:34:28', '00:00:00', '00:00:00', '00:00:00'),
(2261, 1203110, '2015-08-04 08:14:21', '2015-08-04 15:52:21', '2015-08-04 15:53:29', NULL, NULL, NULL, NULL, '2015-08-04 17:38:57', '00:00:00', '00:00:00', '00:00:00'),
(2262, 1203110, '2015-08-05 08:11:03', NULL, NULL, NULL, NULL, NULL, NULL, '2015-08-05 21:06:13', '00:00:00', '00:00:00', '00:00:00'),
(2263, 1203110, '2015-08-06 07:33:29', NULL, NULL, NULL, NULL, NULL, NULL, '2015-08-06 21:29:48', '00:00:00', '00:00:00', '00:00:00'),
(2264, 1203110, '2015-08-07 10:48:48', NULL, NULL, NULL, NULL, NULL, NULL, '2015-08-07 17:49:37', '00:00:00', '02:18:48', '00:00:00'),
(2265, 1203110, '2015-08-10 08:43:23', '2015-08-10 11:57:53', '2015-08-10 12:21:33', '2015-08-10 12:25:03', '2015-08-10 12:27:14', NULL, NULL, '2015-08-10 21:35:15', '00:00:00', '00:13:23', '00:08:40'),
(2266, 1203110, '2015-08-11 08:01:22', '2015-08-11 11:20:10', '2015-08-11 11:48:20', '2015-08-11 16:36:18', '2015-08-11 16:40:16', NULL, NULL, '2015-08-11 17:31:53', '00:00:00', '00:00:00', '00:13:10'),
(2267, 1203110, '2015-08-12 08:42:22', '2015-08-12 11:29:48', '2015-08-12 12:05:06', NULL, NULL, NULL, NULL, '2015-08-12 18:05:13', '00:00:00', '00:12:22', '00:20:18'),
(2268, 1203110, '2015-08-13 08:27:07', '2015-08-13 11:35:00', '2015-08-13 12:02:17', NULL, NULL, NULL, NULL, '2015-08-13 20:26:01', '00:00:00', '00:00:00', '00:12:17'),
(2269, 1203110, '2015-08-14 08:02:18', '2015-08-14 11:36:22', '2015-08-14 11:45:40', NULL, NULL, NULL, NULL, '2015-08-14 17:35:15', '00:00:00', '00:00:00', '00:00:00'),
(2270, 150102, '2015-08-04 00:05:38', '2015-08-04 16:09:41', '2015-08-04 21:23:37', NULL, NULL, NULL, NULL, '2015-08-04 21:36:24', '00:00:00', '00:00:00', '04:43:56'),
(2271, 150102, '2015-08-05 00:02:19', '2015-08-05 15:52:29', '2015-08-05 19:08:14', NULL, NULL, NULL, NULL, '2015-08-05 19:28:33', '00:00:00', '00:00:00', '02:45:45'),
(2272, 150102, '2015-08-06 00:00:59', '2015-08-06 15:54:07', '2015-08-06 19:03:09', NULL, NULL, NULL, NULL, '2015-08-06 19:15:45', '00:00:00', '00:00:00', '02:39:02'),
(2273, 150102, '2015-08-07 00:03:55', '2015-08-07 15:42:34', '2015-08-07 20:05:17', NULL, NULL, NULL, NULL, '2015-08-07 20:18:07', '00:00:00', '00:00:00', '03:52:43'),
(2274, 150102, '2015-08-11 00:02:53', NULL, NULL, NULL, NULL, NULL, NULL, '2015-08-11 15:51:35', '00:00:00', '00:00:00', '00:00:00'),
(2275, 150102, '2015-08-12 00:05:05', '2015-08-12 16:00:48', '2015-08-12 19:12:00', NULL, NULL, NULL, NULL, '2015-08-12 19:35:34', '00:00:00', '00:00:00', '02:41:12'),
(2276, 150102, '2015-08-13 00:08:58', NULL, NULL, NULL, NULL, NULL, NULL, '2015-08-13 15:48:17', '00:00:00', '00:00:00', '00:00:00'),
(2277, 150102, '2015-08-14 00:08:20', '2015-08-14 15:53:10', '2015-08-14 19:38:48', NULL, NULL, NULL, NULL, '2015-08-14 20:14:27', '00:00:00', '00:00:00', '03:15:38'),
(2278, 140905, '2015-08-03 09:01:38', '2015-08-03 13:29:48', '2015-08-03 13:49:27', NULL, NULL, NULL, NULL, '2015-08-03 18:26:09', '00:00:00', '00:01:38', '00:04:39'),
(2279, 140905, '2015-08-04 09:07:14', '2015-08-04 13:23:22', '2015-08-04 13:38:12', NULL, NULL, NULL, NULL, '2015-08-04 19:00:47', '00:00:00', '00:07:14', '00:00:00'),
(2280, 140905, '2015-08-05 09:00:34', '2015-08-05 13:00:30', '2015-08-05 13:20:20', '2015-08-05 16:49:33', '2015-08-05 16:57:02', '2015-08-05 19:08:04', '2015-08-05 19:28:22', '2015-08-05 22:36:53', '00:00:00', '00:00:34', '00:10:08'),
(2281, 140905, '2015-08-06 09:04:04', '2015-08-06 13:06:08', '2015-08-06 13:21:50', '2015-08-06 19:03:17', '2015-08-06 19:15:37', NULL, NULL, '2015-08-06 22:33:04', '00:00:00', '00:04:04', '00:00:42'),
(2282, 140905, '2015-08-07 09:01:27', '2015-08-07 13:17:24', '2015-08-07 13:35:32', NULL, NULL, NULL, NULL, '2015-08-07 20:05:05', '00:00:00', '00:01:27', '00:03:08'),
(2283, 140905, '2015-08-11 08:59:31', '2015-08-11 13:13:30', '2015-08-11 13:37:46', NULL, NULL, NULL, NULL, '2015-08-11 18:20:14', '00:00:00', '00:00:00', '00:09:16'),
(2284, 140905, '2015-08-12 08:55:41', '2015-08-12 13:07:58', '2015-08-12 13:23:54', NULL, NULL, NULL, NULL, '2015-08-12 18:19:26', '00:00:00', '00:00:00', '00:00:56'),
(2285, 140905, '2015-08-13 08:59:55', '2015-08-13 13:03:46', '2015-08-13 13:31:53', NULL, NULL, NULL, NULL, '2015-08-13 18:17:53', '00:00:00', '00:00:00', '00:13:07'),
(2286, 140905, '2015-08-14 08:59:15', '2015-08-14 13:01:56', '2015-08-14 13:22:23', NULL, NULL, NULL, NULL, '2015-08-14 18:16:16', '00:00:00', '00:00:00', '00:05:27'),
(2287, 1203064, '2015-08-04 08:55:12', NULL, NULL, NULL, NULL, NULL, NULL, '2015-08-04 17:32:02', '00:00:00', '00:25:12', '00:00:00'),
(2288, 1203064, '2015-08-05 08:17:19', NULL, NULL, NULL, NULL, NULL, NULL, '2015-08-05 18:05:20', '00:00:00', '00:00:00', '00:00:00'),
(2289, 1203064, '2015-08-07 08:39:13', '2015-08-07 10:41:30', '2015-08-07 11:03:33', NULL, NULL, NULL, NULL, '2015-08-07 17:37:44', '00:00:00', '00:09:13', '00:07:03'),
(2290, 1203064, '2015-08-10 08:33:04', '2015-08-10 12:15:01', '2015-08-10 12:33:12', NULL, NULL, NULL, NULL, '2015-08-10 18:01:09', '00:00:00', '00:03:04', '00:03:11'),
(2291, 1203064, '2015-08-11 08:19:38', '2015-08-11 10:40:19', '2015-08-11 10:57:49', NULL, NULL, NULL, NULL, '2015-08-11 18:02:48', '00:00:00', '00:00:00', '00:02:30'),
(2292, 1203064, '2015-08-12 08:17:17', '2015-08-12 13:08:36', '2015-08-12 13:34:53', NULL, NULL, NULL, NULL, '2015-08-12 18:10:22', '00:00:00', '00:00:00', '00:11:17'),
(2293, 1203064, '2015-08-13 08:35:25', NULL, NULL, NULL, NULL, NULL, NULL, '2015-08-13 18:07:13', '00:00:00', '00:05:25', '00:00:00'),
(2294, 1203064, '2015-08-14 08:24:09', NULL, NULL, NULL, NULL, NULL, NULL, '2015-08-14 17:32:50', '00:00:00', '00:00:00', '00:00:00'),
(2295, 1203107, '2015-08-03 07:47:48', '2015-08-03 10:59:38', '2015-08-03 11:36:49', NULL, NULL, NULL, NULL, '2015-08-03 17:30:27', '00:00:00', '00:00:00', '00:22:11'),
(2296, 1203107, '2015-08-04 07:40:44', '2015-08-04 11:02:38', '2015-08-04 11:49:29', NULL, NULL, NULL, NULL, '2015-08-04 17:29:51', '00:00:09', '00:00:00', '00:31:51'),
(2297, 1203107, '2015-08-05 07:58:33', '2015-08-05 11:02:21', '2015-08-05 11:47:29', NULL, NULL, NULL, NULL, '2015-08-05 17:36:25', '00:00:00', '00:00:00', '00:30:08'),
(2298, 1203107, '2015-08-06 07:48:07', '2015-08-06 12:50:53', '2015-08-06 13:29:12', NULL, NULL, NULL, NULL, '2015-08-06 17:35:15', '00:00:00', '00:00:00', '00:23:19'),
(2299, 1203107, '2015-08-07 07:17:54', '2015-08-07 11:03:43', '2015-08-07 11:43:44', NULL, NULL, NULL, NULL, '2015-08-07 17:32:57', '00:00:00', '00:00:00', '00:25:01'),
(2300, 1203107, '2015-08-10 07:33:03', '2015-08-10 11:03:31', '2015-08-10 11:44:29', NULL, NULL, NULL, NULL, '2015-08-10 17:34:00', '00:00:00', '00:00:00', '00:25:58'),
(2301, 1203107, '2015-08-11 07:52:14', '2015-08-11 12:10:44', '2015-08-11 12:32:12', NULL, NULL, NULL, NULL, '2015-08-11 17:30:30', '00:00:00', '00:00:00', '00:06:28'),
(2302, 1203107, '2015-08-12 07:46:18', '2015-08-12 10:58:04', '2015-08-12 11:33:52', NULL, NULL, NULL, NULL, '2015-08-12 17:34:25', '00:00:00', '00:00:00', '00:20:48'),
(2303, 1203107, '2015-08-13 07:21:24', NULL, NULL, NULL, NULL, NULL, NULL, '2015-08-13 13:00:04', '04:29:56', '00:00:00', '00:00:00'),
(2304, 1203107, '2015-08-14 08:03:57', '2015-08-14 10:58:09', '2015-08-14 11:42:21', NULL, NULL, NULL, NULL, '2015-08-14 17:34:10', '00:00:00', '00:00:00', '00:29:12'),
(2305, 1203091, '2015-08-03 08:32:20', '2015-08-03 12:40:43', '2015-08-03 12:45:46', NULL, NULL, NULL, NULL, '2015-08-03 17:30:22', '00:00:00', '00:02:20', '00:00:00'),
(2306, 1203091, '2015-08-04 08:27:34', '2015-08-04 11:38:09', '2015-08-04 12:12:16', NULL, NULL, NULL, NULL, '2015-08-04 17:31:01', '00:00:00', '00:00:00', '00:19:07'),
(2307, 1203091, '2015-08-05 08:29:18', '2015-08-05 11:45:06', '2015-08-05 12:47:49', NULL, NULL, NULL, NULL, '2015-08-05 17:31:53', '00:00:00', '00:00:00', '00:47:43'),
(2308, 1203091, '2015-08-06 08:29:44', '2015-08-06 12:35:26', '2015-08-06 13:17:29', '2015-08-06 16:08:06', '2015-08-06 16:42:22', NULL, NULL, '2015-08-06 17:32:20', '00:00:00', '00:00:00', '00:27:03'),
(2309, 1203091, '2015-08-07 08:27:28', '2015-08-07 11:25:34', '2015-08-07 12:25:27', NULL, NULL, NULL, NULL, '2015-08-07 17:45:57', '00:00:00', '00:00:00', '00:44:53'),
(2310, 1203091, '2015-08-10 08:31:50', NULL, NULL, NULL, NULL, NULL, NULL, '2015-08-10 17:36:01', '00:00:00', '00:01:50', '00:00:00'),
(2311, 1203091, '2015-08-11 08:32:51', '2015-08-11 11:47:24', '2015-08-11 12:48:08', NULL, NULL, NULL, NULL, '2015-08-11 17:36:08', '00:00:00', '00:02:51', '00:45:44'),
(2312, 1203091, '2015-08-12 08:29:28', '2015-08-12 12:02:03', '2015-08-12 12:40:16', NULL, NULL, NULL, NULL, '2015-08-12 17:34:20', '00:00:00', '00:00:00', '00:23:13'),
(2313, 1203091, '2015-08-13 08:34:49', NULL, NULL, NULL, NULL, NULL, NULL, '2015-08-13 17:30:04', '00:00:00', '00:04:49', '00:00:00'),
(2314, 1203091, '2015-08-14 08:30:38', '2015-08-14 11:43:48', '2015-08-14 12:02:23', '2015-08-14 15:58:07', '2015-08-14 16:13:37', NULL, NULL, '2015-08-14 17:34:54', '00:00:00', '00:00:38', '00:03:35'),
(2315, 1203085, '2015-08-03 08:44:10', '2015-08-03 11:53:58', '2015-08-03 12:17:06', NULL, NULL, NULL, NULL, '2015-08-03 17:30:47', '00:00:00', '00:14:10', '00:08:08'),
(2316, 1203085, '2015-08-04 08:31:54', '2015-08-04 08:54:01', '2015-08-04 08:55:31', '2015-08-04 11:49:22', '2015-08-04 12:18:03', NULL, NULL, '2015-08-04 17:39:13', '00:00:00', '00:01:54', '00:00:00'),
(2317, 1203085, '2015-08-05 08:29:11', '2015-08-05 11:46:09', '2015-08-05 12:07:43', NULL, NULL, NULL, NULL, '2015-08-05 17:33:28', '00:00:00', '00:00:00', '00:06:34'),
(2318, 1203085, '2015-08-06 08:19:27', '2015-08-06 11:23:53', '2015-08-06 11:46:51', NULL, NULL, NULL, NULL, '2015-08-06 17:30:14', '00:00:00', '00:00:00', '00:07:58'),
(2319, 1203085, '2015-08-07 08:23:27', '2015-08-07 11:33:44', '2015-08-07 12:12:34', NULL, NULL, NULL, NULL, '2015-08-07 17:49:44', '00:00:00', '00:00:00', '00:23:50'),
(2320, 1203085, '2015-08-10 09:20:06', '2015-08-10 09:30:54', '2015-08-10 09:42:17', '2015-08-10 11:58:13', '2015-08-10 12:21:25', NULL, NULL, '2015-08-10 17:30:07', '00:00:00', '00:50:06', '00:00:00'),
(2321, 1203085, '2015-08-11 08:31:37', '2015-08-11 11:19:49', '2015-08-11 11:48:02', '2015-08-11 17:29:58', '2015-08-11 17:31:06', NULL, NULL, '2015-08-11 17:32:07', '00:00:00', '00:01:37', '00:13:13'),
(2322, 1203085, '2015-08-12 08:38:40', '2015-08-12 11:33:21', '2015-08-12 12:05:14', NULL, NULL, NULL, NULL, '2015-08-12 17:31:11', '00:00:00', '00:08:40', '00:16:53'),
(2323, 1203085, '2015-08-13 08:36:22', '2015-08-13 11:33:16', '2015-08-13 12:01:55', '2015-08-13 17:29:25', '2015-08-13 17:31:34', NULL, NULL, '2015-08-13 17:33:00', '00:00:00', '00:06:22', '00:13:39'),
(2324, 1203120, '2015-08-04 09:58:17', '2015-08-04 11:37:51', '2015-08-04 12:12:24', '2015-08-04 15:17:23', '2015-08-04 15:18:30', NULL, NULL, '2015-08-04 17:30:27', '00:00:00', '01:28:17', '00:19:33'),
(2325, 1203120, '2015-08-05 08:29:49', '2015-08-05 11:44:39', '2015-08-05 12:20:15', NULL, NULL, NULL, NULL, '2015-08-05 17:32:06', '00:00:00', '00:00:00', '00:20:36'),
(2326, 1203120, '2015-08-06 08:25:40', '2015-08-06 11:21:54', '2015-08-06 11:52:56', '2015-08-06 16:08:00', '2015-08-06 16:42:35', NULL, NULL, '2015-08-06 17:32:40', '00:00:00', '00:00:00', '00:16:02'),
(2327, 1203120, '2015-08-07 12:42:08', NULL, NULL, NULL, NULL, NULL, NULL, '2015-08-07 17:40:04', '00:00:00', '04:12:08', '00:00:00'),
(2328, 1203120, '2015-08-10 12:23:32', NULL, NULL, NULL, NULL, NULL, NULL, '2015-08-10 17:34:16', '00:00:00', '03:53:32', '00:00:00'),
(2329, 1203120, '2015-08-11 08:26:32', '2015-08-11 11:48:28', '2015-08-11 12:26:33', NULL, NULL, NULL, NULL, '2015-08-11 17:35:48', '00:00:00', '00:00:00', '00:23:05'),
(2330, 1203120, '2015-08-12 08:29:37', '2015-08-12 12:02:27', '2015-08-12 12:40:00', NULL, NULL, NULL, NULL, '2015-08-12 17:30:17', '00:00:00', '00:00:00', '00:22:33'),
(2331, 1203120, '2015-08-13 08:23:57', '2015-08-13 11:19:15', '2015-08-13 11:53:17', '2015-08-13 14:57:50', '2015-08-13 15:12:52', NULL, NULL, '2015-08-13 17:32:53', '00:00:00', '00:00:00', '00:19:02'),
(2332, 1203120, '2015-08-14 08:23:51', '2015-08-14 11:43:03', '2015-08-14 12:17:56', '2015-08-14 15:58:00', '2015-08-14 16:13:28', NULL, NULL, '2015-08-14 17:34:47', '00:00:00', '00:00:00', '00:19:53'),
(2333, 1203069, '2015-08-03 08:10:22', '2015-08-03 12:22:35', '2015-08-03 12:56:48', NULL, NULL, NULL, NULL, '2015-08-03 17:30:06', '00:00:00', '00:00:00', '00:19:13'),
(2334, 1203069, '2015-08-04 08:15:03', '2015-08-04 12:28:58', '2015-08-04 13:16:06', '2015-08-04 15:24:14', '2015-08-04 15:37:04', NULL, NULL, '2015-08-04 17:30:20', '00:00:00', '00:00:00', '00:32:08'),
(2335, 1203069, '2015-08-05 08:24:10', '2015-08-05 12:07:49', '2015-08-05 13:02:39', NULL, NULL, NULL, NULL, '2015-08-05 17:30:02', '00:00:00', '00:00:00', '00:39:50'),
(2336, 1203069, '2015-08-06 08:22:33', '2015-08-06 12:29:11', '2015-08-06 13:52:33', NULL, NULL, NULL, NULL, '2015-08-06 17:30:20', '00:00:00', '00:00:00', '01:08:22'),
(2337, 1203069, '2015-08-07 08:25:51', '2015-08-07 12:18:26', '2015-08-07 13:11:53', NULL, NULL, NULL, NULL, '2015-08-07 17:30:09', '00:00:00', '00:00:00', '00:38:27'),
(2338, 1203069, '2015-08-10 13:28:30', NULL, NULL, NULL, NULL, NULL, NULL, '2015-08-10 17:30:14', '00:00:00', '04:58:30', '00:00:00'),
(2339, 1203069, '2015-08-11 08:18:55', '2015-08-11 10:53:34', '2015-08-11 11:05:16', '2015-08-11 12:19:26', '2015-08-11 13:18:52', '2015-08-11 16:20:31', '2015-08-11 16:27:34', '2015-08-11 17:30:10', '00:00:00', '00:00:00', '00:00:00'),
(2340, 1203069, '2015-08-12 08:23:34', '2015-08-12 12:20:53', '2015-08-12 13:20:57', NULL, NULL, NULL, NULL, '2015-08-12 17:30:05', '00:00:00', '00:00:00', '00:45:04'),
(2341, 1203069, '2015-08-13 08:25:16', '2015-08-13 12:22:52', '2015-08-13 13:18:39', NULL, NULL, NULL, NULL, '2015-08-13 17:30:24', '00:00:00', '00:00:00', '00:40:47'),
(2342, 1203069, '2015-08-14 08:25:23', '2015-08-14 12:11:19', '2015-08-14 13:08:01', '2015-08-14 14:41:01', '2015-08-14 14:44:39', NULL, NULL, '2015-08-14 17:30:08', '00:00:00', '00:00:00', '00:41:42'),
(2343, 150403, '2015-08-03 08:15:39', '2015-08-03 11:38:36', '2015-08-03 12:04:13', NULL, NULL, NULL, NULL, '2015-08-03 17:31:27', '00:00:00', '03:15:39', '00:00:00'),
(2344, 150403, '2015-08-04 04:51:56', '2015-08-04 07:18:17', '2015-08-04 07:21:16', '2015-08-04 11:36:11', '2015-08-04 12:01:52', NULL, NULL, '2015-08-04 14:01:04', '00:00:00', '00:00:00', '23:34:19'),
(2345, 150403, '2015-08-05 04:53:32', '2015-08-05 08:59:23', '2015-08-05 09:02:35', '2015-08-05 11:33:18', '2015-08-05 11:55:20', NULL, NULL, '2015-08-05 14:07:24', '00:00:00', '00:00:00', '23:37:58'),
(2346, 150403, '2015-08-06 04:59:38', '2015-08-06 11:35:32', '2015-08-06 12:07:48', NULL, NULL, NULL, NULL, '2015-08-06 14:06:02', '00:00:00', '00:00:00', '00:02:16'),
(2347, 150403, '2015-08-10 08:14:18', '2015-08-10 11:52:17', '2015-08-10 12:14:33', NULL, NULL, NULL, NULL, '2015-08-10 17:33:22', '00:00:00', '03:14:18', '00:00:00'),
(2348, 150403, '2015-08-11 04:55:49', '2015-08-11 11:36:19', '2015-08-11 12:01:35', NULL, NULL, NULL, NULL, '2015-08-11 14:08:22', '00:00:00', '00:00:00', '00:00:00'),
(2349, 150403, '2015-08-14 04:52:17', '2015-08-14 06:12:57', '2015-08-14 06:15:39', '2015-08-14 11:37:37', '2015-08-14 12:01:58', NULL, NULL, '2015-08-14 14:05:04', '00:00:00', '00:00:00', '23:35:39'),
(2350, 1203050, '2015-08-03 08:17:52', '2015-08-03 11:38:42', '2015-08-03 12:03:47', NULL, NULL, NULL, NULL, '2015-08-03 17:31:11', '00:00:00', '00:00:00', '00:10:05'),
(2351, 1203050, '2015-08-04 08:19:30', '2015-08-04 11:37:06', '2015-08-04 11:59:00', NULL, NULL, NULL, NULL, '2015-08-04 17:31:07', '00:00:00', '00:00:00', '00:06:54'),
(2352, 1203050, '2015-08-05 08:13:19', '2015-08-05 11:33:25', '2015-08-05 11:54:56', NULL, NULL, NULL, NULL, '2015-08-05 17:30:10', '00:00:00', '00:00:00', '00:06:31'),
(2353, 1203050, '2015-08-06 08:19:38', '2015-08-06 11:36:13', '2015-08-06 11:58:04', NULL, NULL, NULL, NULL, '2015-08-06 17:30:04', '00:00:00', '00:00:00', '00:06:51'),
(2354, 1203050, '2015-08-07 05:46:52', '2015-08-07 11:36:01', '2015-08-07 11:57:53', NULL, NULL, NULL, NULL, '2015-08-07 14:03:29', '03:26:31', '00:00:00', '00:06:52'),
(2355, 1203050, '2015-08-10 08:17:47', '2015-08-10 11:52:23', '2015-08-10 12:14:05', NULL, NULL, NULL, NULL, '2015-08-10 17:33:16', '00:00:00', '00:00:00', '00:06:42'),
(2356, 1203050, '2015-08-11 08:13:10', '2015-08-11 11:38:10', '2015-08-11 12:01:03', NULL, NULL, NULL, NULL, '2015-08-11 17:32:53', '00:00:00', '00:00:00', '00:07:53'),
(2357, 1203050, '2015-08-12 08:19:11', '2015-08-12 11:45:06', '2015-08-12 12:04:20', NULL, NULL, NULL, NULL, '2015-08-12 17:32:48', '00:00:00', '00:00:00', '00:04:14'),
(2358, 1203050, '2015-08-13 08:10:01', '2015-08-13 11:34:31', '2015-08-13 11:59:06', NULL, NULL, NULL, NULL, '2015-08-13 17:30:49', '00:00:00', '00:00:00', '00:09:35'),
(2359, 1203050, '2015-08-14 08:18:56', '2015-08-14 11:38:56', '2015-08-14 12:01:09', NULL, NULL, NULL, NULL, '2015-08-14 17:30:13', '00:00:00', '00:00:00', '00:07:13'),
(2360, 1203008, '2015-08-03 06:00:04', '2015-08-03 11:38:59', '2015-08-03 12:03:29', NULL, NULL, NULL, NULL, '2015-08-03 14:05:07', '02:54:53', '00:00:00', '00:00:00'),
(2361, 1203008, '2015-08-04 05:57:19', NULL, NULL, NULL, NULL, NULL, NULL, '2015-08-04 14:03:25', '02:56:35', '00:00:00', '00:00:00'),
(2362, 1203008, '2015-08-05 06:03:39', '2015-08-05 11:33:40', '2015-08-05 11:54:11', NULL, NULL, NULL, NULL, '2015-08-05 14:07:48', '02:52:12', '00:00:00', '00:00:00'),
(2363, 1203008, '2015-08-06 06:00:38', '2015-08-06 11:36:38', '2015-08-06 11:57:51', NULL, NULL, NULL, NULL, '2015-08-06 14:06:10', '02:53:50', '00:00:00', '00:00:00'),
(2364, 1203008, '2015-08-07 05:59:19', '2015-08-07 11:36:20', '2015-08-07 11:57:48', NULL, NULL, NULL, NULL, '2015-08-07 14:32:44', '02:27:16', '00:00:00', '00:00:00'),
(2365, 1203008, '2015-08-10 05:58:08', '2015-08-10 11:52:48', '2015-08-10 12:13:59', NULL, NULL, NULL, NULL, '2015-08-10 14:15:33', '02:44:27', '00:00:00', '00:00:00'),
(2366, 1203008, '2015-08-11 06:03:54', '2015-08-11 11:38:36', '2015-08-11 12:00:57', NULL, NULL, NULL, NULL, '2015-08-11 14:08:29', '02:51:31', '00:00:00', '00:00:00'),
(2367, 1203008, '2015-08-12 05:57:58', '2015-08-12 11:46:12', '2015-08-12 12:04:14', NULL, NULL, NULL, NULL, '2015-08-12 14:06:08', '02:53:52', '00:00:00', '00:00:00'),
(2368, 1203008, '2015-08-13 06:00:37', '2015-08-13 11:35:35', '2015-08-13 11:58:42', NULL, NULL, NULL, NULL, '2015-08-13 14:18:22', '02:41:38', '00:00:00', '00:00:00'),
(2369, 1203008, '2015-08-14 05:59:28', '2015-08-14 11:39:17', '2015-08-14 12:01:02', NULL, NULL, NULL, NULL, '2015-08-14 14:10:22', '02:49:38', '00:00:00', '00:00:00'),
(2370, 141103, '2015-08-03 08:06:13', '2015-08-03 12:03:14', '2015-08-03 12:29:59', NULL, NULL, NULL, NULL, '2015-08-03 17:32:09', '00:00:00', '00:00:00', '00:11:45'),
(2371, 141103, '2015-08-04 05:50:45', '2015-08-04 11:01:40', '2015-08-04 11:22:28', NULL, NULL, NULL, NULL, '2015-08-04 14:01:45', '03:28:15', '00:00:00', '00:05:48'),
(2372, 141103, '2015-08-05 05:47:58', '2015-08-05 11:11:23', '2015-08-05 11:31:43', NULL, NULL, NULL, NULL, '2015-08-05 14:02:01', '03:27:59', '00:00:00', '00:05:20'),
(2373, 141103, '2015-08-06 05:48:17', '2015-08-06 11:02:01', '2015-08-06 11:19:32', NULL, NULL, NULL, NULL, '2015-08-06 14:03:09', '03:26:51', '00:00:00', '00:02:31'),
(2374, 141103, '2015-08-07 05:49:53', '2015-08-07 11:03:06', '2015-08-07 11:24:04', NULL, NULL, NULL, NULL, '2015-08-07 14:04:49', '03:25:11', '00:00:00', '00:05:58'),
(2375, 141103, '2015-08-10 05:45:31', '2015-08-10 11:01:37', '2015-08-10 11:19:41', NULL, NULL, NULL, NULL, '2015-08-10 14:01:52', '03:28:08', '00:00:00', '00:03:04'),
(2376, 141103, '2015-08-11 05:44:55', '2015-08-11 11:01:40', '2015-08-11 11:21:10', NULL, NULL, NULL, NULL, '2015-08-11 14:03:48', '03:26:12', '00:00:00', '00:04:30'),
(2377, 141103, '2015-08-12 05:46:43', '2015-08-12 11:04:10', '2015-08-12 11:23:36', NULL, NULL, NULL, NULL, '2015-08-12 14:01:42', '03:28:18', '00:00:00', '00:04:26'),
(2378, 141103, '2015-08-13 05:41:56', '2015-08-13 11:02:14', '2015-08-13 11:24:04', NULL, NULL, NULL, NULL, '2015-08-13 14:02:12', '03:27:48', '00:00:00', '00:06:50'),
(2379, 141103, '2015-08-14 05:46:22', '2015-08-14 11:01:25', '2015-08-14 11:21:35', NULL, NULL, NULL, NULL, '2015-08-14 14:01:06', '03:28:54', '00:00:00', '00:05:10'),
(2380, 1203072, '2015-08-03 08:25:47', '2015-08-03 11:49:58', '2015-08-03 12:27:27', NULL, NULL, NULL, NULL, '2015-08-03 17:31:03', '00:00:00', '00:00:00', '00:22:29'),
(2381, 1203072, '2015-08-04 08:29:34', '2015-08-04 11:30:10', '2015-08-04 11:45:10', NULL, NULL, NULL, NULL, '2015-08-04 17:30:07', '00:00:00', '00:00:00', '00:00:00'),
(2382, 1203072, '2015-08-05 08:23:31', '2015-08-05 11:24:30', '2015-08-05 11:37:03', NULL, NULL, NULL, NULL, '2015-08-05 17:31:17', '00:00:00', '00:00:00', '00:00:00'),
(2383, 1203072, '2015-08-06 08:31:29', '2015-08-06 11:14:27', '2015-08-06 11:28:01', NULL, NULL, NULL, NULL, '2015-08-06 17:30:44', '00:00:00', '00:01:29', '00:00:00'),
(2384, 1203072, '2015-08-07 08:41:57', '2015-08-07 10:16:02', '2015-08-07 10:28:50', NULL, NULL, NULL, NULL, '2015-08-07 17:33:26', '00:00:00', '00:11:57', '00:00:00'),
(2385, 1203072, '2015-08-10 08:42:48', '2015-08-10 11:13:25', '2015-08-10 11:24:43', NULL, NULL, NULL, NULL, '2015-08-10 17:31:25', '00:00:00', '00:12:48', '00:00:00'),
(2386, 1203072, '2015-08-11 08:38:26', '2015-08-11 09:56:10', '2015-08-11 10:06:17', NULL, NULL, NULL, NULL, '2015-08-11 17:31:35', '00:00:00', '00:08:26', '00:00:00'),
(2387, 1203072, '2015-08-12 08:35:56', '2015-08-12 13:01:14', '2015-08-12 13:10:17', NULL, NULL, NULL, NULL, '2015-08-12 17:31:04', '00:00:00', '00:05:56', '00:00:00'),
(2388, 1203072, '2015-08-13 08:23:46', '2015-08-13 11:12:27', '2015-08-13 11:25:57', NULL, NULL, NULL, NULL, '2015-08-13 17:31:08', '00:00:00', '00:00:00', '00:00:00'),
(2389, 1203072, '2015-08-14 07:58:08', '2015-08-14 11:25:32', '2015-08-14 11:38:02', NULL, NULL, NULL, NULL, '2015-08-14 16:02:53', '01:27:07', '00:00:00', '00:00:00'),
(2390, 1203014, '2015-08-03 08:30:14', '2015-08-03 11:33:55', '2015-08-03 11:57:09', NULL, NULL, NULL, NULL, '2015-08-03 17:34:00', '00:00:00', '00:00:14', '00:08:14'),
(2391, 1203014, '2015-08-04 08:31:18', '2015-08-04 11:29:20', '2015-08-04 11:47:12', NULL, NULL, NULL, NULL, '2015-08-04 17:31:56', '00:00:00', '00:01:18', '00:02:52'),
(2392, 1203014, '2015-08-05 08:36:53', '2015-08-05 11:29:02', '2015-08-05 11:49:58', NULL, NULL, NULL, NULL, '2015-08-05 17:32:37', '00:00:00', '00:06:53', '00:05:56'),
(2393, 1203014, '2015-08-06 08:34:09', '2015-08-06 11:29:26', '2015-08-06 11:55:06', NULL, NULL, NULL, NULL, '2015-08-06 17:34:53', '00:00:00', '00:04:09', '00:10:40'),
(2394, 1203014, '2015-08-07 08:38:46', '2015-08-07 12:59:43', '2015-08-07 13:01:05', NULL, NULL, NULL, NULL, '2015-08-07 13:02:12', '04:27:48', '00:08:46', '00:00:00'),
(2395, 1203014, '2015-08-10 08:35:51', '2015-08-10 11:27:08', '2015-08-10 11:47:53', NULL, NULL, NULL, NULL, '2015-08-10 17:30:37', '00:00:00', '00:05:51', '00:05:45'),
(2396, 1203014, '2015-08-11 08:33:03', '2015-08-11 11:30:53', '2015-08-11 11:55:33', NULL, NULL, NULL, NULL, '2015-08-11 17:33:32', '00:00:00', '00:03:03', '00:09:40'),
(2397, 1203014, '2015-08-12 08:38:03', '2015-08-12 11:29:09', '2015-08-12 11:51:19', NULL, NULL, NULL, NULL, '2015-08-12 17:31:28', '00:00:00', '00:08:03', '00:07:10'),
(2398, 1203014, '2015-08-13 08:43:13', '2015-08-13 11:29:01', '2015-08-13 11:51:12', NULL, NULL, NULL, NULL, '2015-08-13 17:31:22', '00:00:00', '00:13:13', '00:07:11'),
(2399, 1203014, '2015-08-14 08:38:55', '2015-08-14 11:27:41', '2015-08-14 11:47:54', NULL, NULL, NULL, NULL, '2015-08-14 17:32:30', '00:00:00', '00:08:55', '00:05:13'),
(2400, 1203042, '2015-08-03 08:28:33', '2015-08-03 11:34:04', '2015-08-03 11:57:02', NULL, NULL, NULL, NULL, '2015-08-03 17:34:06', '00:00:00', '00:00:00', '00:07:58'),
(2401, 1203042, '2015-08-04 08:28:32', '2015-08-04 11:29:33', '2015-08-04 11:47:32', NULL, NULL, NULL, NULL, '2015-08-04 17:31:35', '00:00:00', '00:00:00', '00:02:59'),
(2402, 1203042, '2015-08-05 08:29:04', '2015-08-05 11:29:17', '2015-08-05 11:49:51', NULL, NULL, NULL, NULL, '2015-08-05 17:32:46', '00:00:00', '00:00:00', '00:05:34'),
(2403, 1203042, '2015-08-06 08:26:57', '2015-08-06 11:29:34', '2015-08-06 11:55:16', NULL, NULL, NULL, NULL, '2015-08-06 17:35:04', '00:00:00', '00:00:00', '00:10:42'),
(2404, 1203042, '2015-08-10 08:37:03', '2015-08-10 11:27:43', '2015-08-10 11:48:01', NULL, NULL, NULL, NULL, '2015-08-10 17:30:45', '00:00:00', '00:07:03', '00:05:18'),
(2405, 1203042, '2015-08-11 08:32:39', '2015-08-11 11:30:46', '2015-08-11 11:55:53', NULL, NULL, NULL, NULL, '2015-08-11 17:33:40', '00:00:00', '00:02:39', '00:10:07'),
(2406, 1203042, '2015-08-12 08:27:56', '2015-08-12 11:30:46', '2015-08-12 11:53:40', NULL, NULL, NULL, NULL, '2015-08-12 17:31:18', '00:00:00', '00:00:00', '00:07:54'),
(2407, 1203042, '2015-08-13 08:30:41', '2015-08-13 11:28:48', '2015-08-13 11:51:04', NULL, NULL, NULL, NULL, '2015-08-13 17:31:45', '00:00:00', '00:00:41', '00:07:16'),
(2408, 1203042, '2015-08-14 08:32:31', '2015-08-14 11:27:48', '2015-08-14 11:47:47', NULL, NULL, NULL, NULL, '2015-08-14 17:32:24', '00:00:00', '00:02:31', '00:04:59'),
(2409, 811086, '2015-08-03 08:58:18', NULL, NULL, NULL, NULL, NULL, NULL, '2015-08-03 17:34:34', '00:00:00', '00:00:00', '00:00:00'),
(2410, 811086, '2015-08-04 09:05:09', NULL, NULL, NULL, NULL, NULL, NULL, '2015-08-04 17:20:42', '00:00:00', '00:05:09', '00:00:00'),
(2411, 811086, '2015-08-05 08:54:24', NULL, NULL, NULL, NULL, NULL, NULL, '2015-08-05 17:33:53', '00:00:00', '00:00:00', '00:00:00'),
(2412, 811086, '2015-08-06 08:59:55', NULL, NULL, NULL, NULL, NULL, NULL, '2015-08-06 17:41:51', '00:00:00', '00:00:00', '00:00:00'),
(2413, 811086, '2015-08-07 08:59:55', NULL, NULL, NULL, NULL, NULL, NULL, '2015-08-07 17:12:21', '00:00:00', '00:00:00', '00:00:00'),
(2414, 811086, '2015-08-10 12:57:38', NULL, NULL, NULL, NULL, NULL, NULL, '2015-08-10 17:44:44', '00:00:00', '03:57:38', '00:00:00'),
(2415, 811086, '2015-08-11 09:01:52', NULL, NULL, NULL, NULL, NULL, NULL, '2015-08-11 17:11:27', '00:00:00', '00:01:52', '00:00:00'),
(2416, 811086, '2015-08-12 08:54:00', NULL, NULL, NULL, NULL, NULL, NULL, '2015-08-12 17:05:37', '00:00:00', '00:00:00', '00:00:00'),
(2417, 811086, '2015-08-13 10:09:13', NULL, NULL, NULL, NULL, NULL, NULL, '2015-08-13 17:11:35', '00:00:00', '01:09:13', '00:00:00'),
(2418, 811086, '2015-08-14 08:59:45', NULL, NULL, NULL, NULL, NULL, NULL, '2015-08-14 17:03:05', '00:00:00', '00:00:00', '00:00:00'),
(2419, 801002, '2015-08-03 08:48:30', '2015-08-03 11:43:04', '2015-08-03 12:10:43', NULL, NULL, NULL, NULL, '2015-08-03 17:08:07', '00:00:00', '00:00:00', '00:00:00'),
(2420, 801002, '2015-08-04 08:36:12', NULL, NULL, NULL, NULL, NULL, NULL, '2015-08-04 13:02:42', '03:57:18', '00:00:00', '00:00:00'),
(2421, 801002, '2015-08-05 08:51:13', '2015-08-05 11:50:34', '2015-08-05 12:08:50', NULL, NULL, NULL, NULL, '2015-08-05 17:06:45', '00:00:00', '00:00:00', '00:00:00'),
(2422, 801002, '2015-08-06 08:47:30', NULL, NULL, NULL, NULL, NULL, NULL, '2015-08-06 17:14:22', '00:00:00', '00:00:00', '00:00:00'),
(2423, 801002, '2015-08-07 08:48:51', '2015-08-07 12:20:27', '2015-08-07 12:41:45', NULL, NULL, NULL, NULL, '2015-08-07 17:05:26', '00:00:00', '00:00:00', '00:00:00'),
(2424, 801002, '2015-08-10 09:01:52', '2015-08-10 12:40:13', '2015-08-10 12:50:26', NULL, NULL, NULL, NULL, '2015-08-10 17:05:00', '00:00:00', '00:01:52', '00:00:00'),
(2425, 801002, '2015-08-11 09:04:21', NULL, NULL, NULL, NULL, NULL, NULL, '2015-08-11 17:06:58', '00:00:00', '00:04:21', '00:00:00'),
(2426, 801002, '2015-08-12 08:48:20', '2015-08-12 15:39:34', '2015-08-12 15:45:20', NULL, NULL, NULL, NULL, '2015-08-12 17:00:48', '00:00:00', '00:00:00', '00:00:00'),
(2427, 801002, '2015-08-13 08:52:36', '2015-08-13 11:13:00', '2015-08-13 12:18:39', NULL, NULL, NULL, NULL, '2015-08-13 17:04:31', '00:00:00', '00:00:00', '00:35:39'),
(2428, 1203029, '2015-08-03 08:41:51', NULL, NULL, NULL, NULL, NULL, NULL, '2015-08-03 17:10:30', '00:00:00', '00:00:00', '00:00:00'),
(2429, 1203029, '2015-08-04 08:46:14', NULL, NULL, NULL, NULL, NULL, NULL, '2015-08-04 17:01:23', '00:00:00', '00:00:00', '00:00:00'),
(2430, 1203029, '2015-08-05 08:58:57', NULL, NULL, NULL, NULL, NULL, NULL, '2015-08-05 17:03:16', '00:00:00', '00:00:00', '00:00:00'),
(2431, 1203029, '2015-08-06 08:42:59', '2015-08-06 13:07:33', '2015-08-06 13:19:58', NULL, NULL, NULL, NULL, '2015-08-06 17:19:22', '00:00:00', '00:00:00', '00:00:00'),
(2432, 1203029, '2015-08-07 08:46:32', NULL, NULL, NULL, NULL, NULL, NULL, '2015-08-07 17:13:01', '00:00:00', '00:00:00', '00:00:00'),
(2433, 1203029, '2015-08-10 08:51:55', NULL, NULL, NULL, NULL, NULL, NULL, '2015-08-10 17:01:10', '00:00:00', '00:00:00', '00:00:00'),
(2434, 1203029, '2015-08-11 08:51:10', NULL, NULL, NULL, NULL, NULL, NULL, '2015-08-11 17:02:49', '00:00:00', '00:00:00', '00:00:00'),
(2435, 1203029, '2015-08-12 08:49:15', NULL, NULL, NULL, NULL, NULL, NULL, '2015-08-12 17:10:53', '00:00:00', '00:00:00', '00:00:00'),
(2436, 1203029, '2015-08-13 08:47:34', NULL, NULL, NULL, NULL, NULL, NULL, '2015-08-13 17:02:39', '00:00:00', '00:00:00', '00:00:00'),
(2437, 1203029, '2015-08-14 08:51:54', NULL, NULL, NULL, NULL, NULL, NULL, '2015-08-14 17:01:03', '00:00:00', '00:00:00', '00:00:00'),
(2438, 150502, '2015-08-03 08:25:28', '2015-08-03 11:28:27', '2015-08-03 12:14:01', NULL, NULL, NULL, NULL, '2015-08-03 17:34:47', '00:00:00', '00:00:00', '00:30:34'),
(2439, 150502, '2015-08-04 08:23:50', '2015-08-04 10:47:30', '2015-08-04 11:02:02', '2015-08-04 12:13:21', '2015-08-04 13:13:13', NULL, NULL, '2015-08-04 17:52:15', '00:00:00', '00:00:00', '00:00:00'),
(2440, 150502, '2015-08-05 12:47:43', NULL, NULL, NULL, NULL, NULL, NULL, '2015-08-05 17:59:38', '00:00:00', '04:17:43', '00:00:00'),
(2441, 150502, '2015-08-06 08:22:17', '2015-08-06 11:36:02', '2015-08-06 12:23:12', NULL, NULL, NULL, NULL, '2015-08-06 18:04:23', '00:00:00', '00:00:00', '00:32:10'),
(2442, 150502, '2015-08-07 08:27:35', NULL, NULL, NULL, NULL, NULL, NULL, '2015-08-07 17:43:25', '00:00:00', '00:00:00', '00:00:00'),
(2443, 150502, '2015-08-10 08:27:43', '2015-08-10 12:29:46', '2015-08-10 13:55:52', NULL, NULL, NULL, NULL, '2015-08-10 17:56:14', '00:00:00', '00:00:00', '01:11:06'),
(2444, 150502, '2015-08-11 08:29:47', '2015-08-11 12:42:05', '2015-08-11 13:31:53', NULL, NULL, NULL, NULL, '2015-08-11 17:57:26', '00:00:00', '00:00:00', '00:34:48'),
(2445, 150502, '2015-08-12 08:34:41', '2015-08-12 11:46:58', '2015-08-12 12:07:40', NULL, NULL, NULL, NULL, '2015-08-12 17:29:21', '00:00:39', '00:04:41', '00:05:42'),
(2446, 150502, '2015-08-13 08:29:49', '2015-08-13 11:35:51', '2015-08-13 11:47:55', NULL, NULL, NULL, NULL, '2015-08-13 17:36:09', '00:00:00', '00:00:00', '00:00:00'),
(2447, 150502, '2015-08-14 08:29:48', '2015-08-14 11:54:01', '2015-08-14 12:34:02', NULL, NULL, NULL, NULL, '2015-08-14 17:39:26', '00:00:00', '00:00:00', '00:25:01'),
(2448, 1203026, '2015-08-03 08:20:52', '2015-08-03 11:38:54', '2015-08-03 12:04:04', NULL, NULL, NULL, NULL, '2015-08-03 18:29:17', '00:00:00', '00:00:00', '00:00:00'),
(2449, 1203026, '2015-08-04 08:25:51', '2015-08-04 11:37:15', '2015-08-04 11:58:53', NULL, NULL, NULL, NULL, '2015-08-04 18:32:24', '00:00:00', '00:00:00', '00:00:00'),
(2450, 1203026, '2015-08-05 08:08:36', '2015-08-05 11:33:32', '2015-08-05 11:55:13', NULL, NULL, NULL, NULL, '2015-08-05 17:30:16', '00:00:00', '00:00:00', '00:00:00'),
(2451, 1203026, '2015-08-06 08:14:19', '2015-08-06 11:35:37', '2015-08-06 11:57:57', NULL, NULL, NULL, NULL, '2015-08-06 17:42:01', '00:00:00', '00:00:00', '00:00:00'),
(2452, 1203026, '2015-08-07 08:27:56', '2015-08-07 11:36:08', '2015-08-07 11:58:00', NULL, NULL, NULL, NULL, '2015-08-07 17:57:08', '00:00:00', '00:00:00', '00:00:00'),
(2453, 1203026, '2015-08-10 08:23:55', '2015-08-10 11:52:08', '2015-08-10 12:14:11', NULL, NULL, NULL, NULL, '2015-08-10 17:37:45', '00:00:00', '00:00:00', '00:00:00'),
(2454, 1203026, '2015-08-11 08:29:36', '2015-08-11 11:38:16', '2015-08-11 12:01:10', NULL, NULL, NULL, NULL, '2015-08-11 17:49:16', '00:00:00', '00:00:00', '00:00:00'),
(2455, 1203026, '2015-08-12 08:22:06', '2015-08-12 11:45:14', '2015-08-12 12:03:48', NULL, NULL, NULL, NULL, '2015-08-12 18:31:24', '00:00:00', '00:00:00', '00:00:00'),
(2456, 1203026, '2015-08-13 08:30:10', '2015-08-13 11:35:27', '2015-08-13 11:59:13', NULL, NULL, NULL, NULL, '2015-08-13 18:14:58', '00:00:00', '00:00:00', '00:00:00'),
(2457, 1203026, '2015-08-14 08:28:20', '2015-08-14 11:37:43', '2015-08-14 12:00:34', NULL, NULL, NULL, NULL, '2015-08-14 17:41:10', '00:00:00', '00:00:00', '00:00:00'),
(2458, 1203126, '2015-08-03 10:51:41', '2015-08-03 11:28:35', '2015-08-03 12:13:52', NULL, NULL, NULL, NULL, '2015-08-03 22:03:52', '00:00:00', '00:51:41', '00:15:17'),
(2459, 1203126, '2015-08-05 11:23:53', '2015-08-05 12:26:58', '2015-08-05 13:08:41', NULL, NULL, NULL, NULL, '2015-08-05 19:56:15', '00:00:00', '01:23:53', '00:11:43'),
(2460, 1203126, '2015-08-06 10:41:31', '2015-08-06 11:35:47', '2015-08-06 12:23:28', NULL, NULL, NULL, NULL, '2015-08-06 18:04:15', '00:00:00', '00:41:31', '00:17:41'),
(2461, 1203126, '2015-08-07 11:39:03', NULL, NULL, NULL, NULL, NULL, NULL, '2015-08-07 17:59:31', '00:00:29', '01:39:03', '00:00:00'),
(2462, 1203126, '2015-08-11 11:35:05', '2015-08-11 12:42:12', '2015-08-11 13:31:45', NULL, NULL, NULL, NULL, '2015-08-11 18:15:47', '00:00:00', '01:35:05', '00:19:33'),
(2463, 1203126, '2015-08-12 10:26:43', '2015-08-12 11:47:15', '2015-08-12 12:07:46', NULL, NULL, NULL, NULL, '2015-08-12 18:32:05', '00:00:00', '00:26:43', '00:00:00'),
(2464, 1203126, '2015-08-13 15:22:46', NULL, NULL, NULL, NULL, NULL, NULL, '2015-08-13 18:16:34', '00:00:00', '05:22:46', '00:00:00'),
(2465, 1203126, '2015-08-14 11:05:04', '2015-08-14 11:54:10', '2015-08-14 12:34:10', NULL, NULL, NULL, NULL, '2015-08-14 19:04:20', '00:00:00', '01:05:04', '00:10:00'),
(2466, 150503, '2015-08-01 05:41:29', NULL, NULL, NULL, NULL, NULL, NULL, '2015-08-01 10:10:56', '05:49:04', '00:00:00', '00:00:00'),
(2467, 150503, '2015-08-03 07:43:42', NULL, NULL, NULL, NULL, NULL, NULL, '2015-08-03 12:17:30', '03:42:30', '00:00:00', '00:00:00'),
(2468, 150503, '2015-08-04 07:55:14', '2015-08-04 11:07:29', '2015-08-04 11:28:30', NULL, NULL, NULL, NULL, '2015-08-04 16:09:11', '00:00:00', '00:00:00', '00:00:00'),
(2469, 150503, '2015-08-05 05:53:39', '2015-08-05 11:12:45', '2015-08-05 11:34:20', NULL, NULL, NULL, NULL, '2015-08-05 14:15:58', '01:44:02', '00:00:00', '00:00:00'),
(2470, 150503, '2015-08-07 09:46:45', '2015-08-07 11:34:42', '2015-08-07 12:01:37', NULL, NULL, NULL, NULL, '2015-08-07 14:10:58', '01:49:02', '01:46:45', '00:00:00'),
(2471, 150503, '2015-08-08 05:54:04', NULL, NULL, NULL, NULL, NULL, NULL, '2015-08-08 10:08:28', '05:51:32', '00:00:00', '00:00:00'),
(2472, 150503, '2015-08-10 07:57:08', NULL, NULL, NULL, NULL, NULL, NULL, '2015-08-10 12:29:24', '03:30:36', '00:00:00', '00:00:00'),
(2473, 150503, '2015-08-11 07:56:47', '2015-08-11 11:58:33', '2015-08-11 12:25:35', NULL, NULL, NULL, NULL, '2015-08-11 16:28:26', '00:00:00', '00:00:00', '00:00:00'),
(2474, 150503, '2015-08-12 07:58:17', '2015-08-12 10:52:36', '2015-08-12 11:12:03', NULL, NULL, NULL, NULL, '2015-08-12 16:13:08', '00:00:00', '00:00:00', '00:00:00'),
(2475, 150503, '2015-08-13 07:58:59', '2015-08-13 11:19:01', '2015-08-13 11:45:10', NULL, NULL, NULL, NULL, '2015-08-13 16:17:58', '00:00:00', '00:00:00', '00:00:00'),
(2476, 150503, '2015-08-14 07:48:54', '2015-08-14 11:06:30', '2015-08-14 11:27:10', NULL, NULL, NULL, NULL, '2015-08-14 16:08:28', '00:00:00', '00:00:00', '00:00:00'),
(2477, 150503, '2015-08-15 08:00:12', NULL, NULL, NULL, NULL, NULL, NULL, '2015-08-15 12:25:21', '03:34:39', '00:00:12', '00:00:00'),
(2478, 150401, '2015-08-01 06:05:05', NULL, NULL, NULL, NULL, NULL, NULL, '2015-08-01 11:24:18', '02:35:42', '00:05:05', '00:00:00'),
(2479, 150401, '2015-08-03 07:50:09', NULL, NULL, NULL, NULL, NULL, NULL, '2015-08-03 12:22:44', '01:37:16', '01:50:09', '00:00:00'),
(2480, 150401, '2015-08-04 06:23:38', NULL, NULL, NULL, NULL, NULL, NULL, '2015-08-04 14:35:58', '00:00:00', '00:23:38', '00:00:00'),
(2481, 150401, '2015-08-05 06:32:01', '2015-08-05 08:06:41', '2015-08-05 08:26:09', '2015-08-05 11:42:13', '2015-08-05 12:03:21', NULL, NULL, '2015-08-05 14:35:44', '00:00:00', '00:32:01', '23:38:52'),
(2482, 150401, '2015-08-06 06:27:47', '2015-08-06 09:01:53', '2015-08-06 09:26:20', NULL, NULL, NULL, NULL, '2015-08-06 14:09:06', '00:00:00', '00:27:47', '00:00:00'),
(2483, 150401, '2015-08-07 06:18:14', '2015-08-07 07:45:35', '2015-08-07 08:18:36', NULL, NULL, NULL, NULL, '2015-08-07 14:45:30', '00:00:00', '00:18:14', '00:03:01'),
(2484, 150401, '2015-08-08 06:29:55', NULL, NULL, NULL, NULL, NULL, NULL, '2015-08-08 11:06:25', '02:53:35', '00:29:55', '00:00:00'),
(2485, 150401, '2015-08-10 06:49:58', '2015-08-10 09:16:51', '2015-08-10 09:37:01', NULL, NULL, NULL, NULL, '2015-08-10 12:37:46', '01:22:14', '00:49:58', '00:00:00'),
(2486, 150401, '2015-08-11 06:15:24', '2015-08-11 07:26:50', '2015-08-11 07:52:59', '2015-08-11 12:11:30', '2015-08-11 12:34:58', NULL, NULL, '2015-08-11 14:34:51', '00:00:00', '00:15:24', '23:36:32'),
(2487, 150401, '2015-08-13 06:29:11', '2015-08-13 07:42:10', '2015-08-13 08:20:44', '2015-08-13 09:09:32', '2015-08-13 09:11:52', NULL, NULL, '2015-08-13 14:51:24', '00:00:00', '00:29:11', '00:06:14'),
(2488, 150401, '2015-08-14 06:12:30', '2015-08-14 11:08:03', '2015-08-14 11:27:18', NULL, NULL, NULL, NULL, '2015-08-14 14:31:33', '00:00:00', '00:12:30', '00:00:00'),
(2489, 150401, '2015-08-15 06:19:47', NULL, NULL, NULL, NULL, NULL, NULL, '2015-08-15 12:26:49', '01:33:11', '00:19:47', '00:00:00'),
(2490, 1203049, '2015-08-01 07:58:23', NULL, NULL, NULL, NULL, NULL, NULL, '2015-08-01 12:01:20', '01:58:40', '01:58:23', '00:00:00'),
(2491, 1203049, '2015-08-03 08:13:23', NULL, NULL, NULL, NULL, NULL, NULL, '2015-08-03 12:21:16', '01:38:44', '02:13:23', '00:00:00'),
(2492, 1203049, '2015-08-04 06:06:13', '2015-08-04 12:19:51', '2015-08-04 12:35:54', NULL, NULL, NULL, NULL, '2015-08-04 14:36:08', '00:00:00', '00:06:13', '00:00:00'),
(2493, 1203049, '2015-08-05 06:05:07', '2015-08-05 08:06:47', '2015-08-05 08:32:06', NULL, NULL, NULL, NULL, '2015-08-05 14:19:06', '00:00:00', '00:05:07', '00:00:00'),
(2494, 1203049, '2015-08-06 06:07:40', NULL, NULL, NULL, NULL, NULL, NULL, '2015-08-06 14:05:36', '00:00:00', '00:07:40', '00:00:00'),
(2495, 1203049, '2015-08-07 06:22:03', NULL, NULL, NULL, NULL, NULL, NULL, '2015-08-07 14:14:16', '00:00:00', '00:22:03', '00:00:00'),
(2496, 1203049, '2015-08-08 06:05:13', NULL, NULL, NULL, NULL, NULL, NULL, '2015-08-08 08:29:01', '00:00:00', '00:05:13', '00:00:00'),
(2497, 1203049, '2015-08-10 08:00:46', '2015-08-10 09:17:12', '2015-08-10 09:36:53', NULL, NULL, NULL, NULL, '2015-08-10 14:42:38', '00:00:00', '02:00:46', '00:00:00'),
(2498, 1203049, '2015-08-12 06:13:14', NULL, NULL, NULL, NULL, NULL, NULL, '2015-08-12 14:33:23', '00:00:00', '00:13:14', '00:00:00'),
(2499, 1203049, '2015-08-13 06:19:15', NULL, NULL, NULL, NULL, NULL, NULL, '2015-08-13 14:26:34', '00:00:00', '00:19:15', '00:00:00'),
(2500, 1203049, '2015-08-14 06:14:47', NULL, NULL, NULL, NULL, NULL, NULL, '2015-08-14 14:25:29', '00:00:00', '00:14:47', '00:00:00'),
(2501, 1203049, '2015-08-15 05:58:18', NULL, NULL, NULL, NULL, NULL, NULL, '2015-08-15 12:25:36', '01:34:24', '00:00:00', '00:00:00'),
(2502, 140904, '2015-08-01 07:01:57', NULL, NULL, NULL, NULL, NULL, NULL, '2015-08-01 11:01:17', '02:58:43', '01:01:57', '00:00:00'),
(2503, 140904, '2015-08-03 08:13:38', NULL, NULL, NULL, NULL, NULL, NULL, '2015-08-03 12:09:12', '01:50:48', '02:13:38', '00:00:00'),
(2504, 140904, '2015-08-04 06:45:54', '2015-08-04 11:11:35', '2015-08-04 11:28:37', NULL, NULL, NULL, NULL, '2015-08-04 14:13:54', '00:00:00', '00:45:54', '00:00:00'),
(2505, 140904, '2015-08-06 06:54:21', '2015-08-06 09:02:09', '2015-08-06 09:26:11', NULL, NULL, NULL, NULL, '2015-08-06 14:01:50', '00:00:00', '00:54:21', '00:00:00'),
(2506, 140904, '2015-08-07 07:05:36', '2015-08-07 12:57:26', '2015-08-07 13:19:29', NULL, NULL, NULL, NULL, '2015-08-07 14:42:56', '00:00:00', '01:05:36', '00:00:00'),
(2507, 140904, '2015-08-08 07:09:50', NULL, NULL, NULL, NULL, NULL, NULL, '2015-08-08 11:07:25', '02:52:35', '01:09:50', '00:00:00'),
(2508, 140904, '2015-08-10 07:24:27', '2015-08-10 09:17:00', '2015-08-10 09:36:45', NULL, NULL, NULL, NULL, '2015-08-10 12:31:48', '01:28:12', '01:24:27', '00:00:00'),
(2509, 140904, '2015-08-11 07:00:48', '2015-08-11 12:12:04', '2015-08-11 12:34:49', NULL, NULL, NULL, NULL, '2015-08-11 14:41:21', '00:00:00', '01:00:48', '00:00:00'),
(2510, 140904, '2015-08-12 06:53:09', '2015-08-12 09:07:14', '2015-08-12 09:34:20', NULL, NULL, NULL, NULL, '2015-08-12 15:13:47', '00:00:00', '00:53:09', '00:00:00'),
(2511, 140904, '2015-08-13 07:05:24', '2015-08-13 12:24:05', '2015-08-13 12:45:37', NULL, NULL, NULL, NULL, '2015-08-13 15:05:45', '00:00:00', '01:05:24', '00:00:00'),
(2512, 140904, '2015-08-14 07:10:48', '2015-08-14 11:08:24', '2015-08-14 11:27:25', NULL, NULL, NULL, NULL, '2015-08-14 15:02:11', '00:00:00', '01:10:48', '00:00:00'),
(2513, 1103018, '2015-08-01 07:25:38', NULL, NULL, NULL, NULL, NULL, NULL, '2015-08-01 12:04:38', '03:55:22', '00:00:00', '00:00:00'),
(2514, 1103018, '2015-08-03 07:00:25', NULL, NULL, NULL, NULL, NULL, NULL, '2015-08-03 12:17:37', '03:42:23', '00:00:00', '00:00:00'),
(2515, 1103018, '2015-08-04 07:15:30', '2015-08-04 11:07:20', '2015-08-04 11:28:22', NULL, NULL, NULL, NULL, '2015-08-04 16:26:39', '00:00:00', '00:00:00', '00:00:00'),
(2516, 1103018, '2015-08-05 07:28:53', '2015-08-05 11:12:53', '2015-08-05 11:34:13', NULL, NULL, NULL, NULL, '2015-08-05 16:10:17', '00:00:00', '00:00:00', '00:00:00'),
(2517, 1103018, '2015-08-06 07:09:26', NULL, NULL, NULL, NULL, NULL, NULL, '2015-08-06 16:07:34', '00:00:00', '00:00:00', '00:00:00'),
(2518, 1103018, '2015-08-07 07:20:35', '2015-08-07 11:34:48', '2015-08-07 12:01:45', NULL, NULL, NULL, NULL, '2015-08-07 16:07:42', '00:00:00', '00:00:00', '00:00:00'),
(2519, 1103018, '2015-08-08 05:54:40', NULL, NULL, NULL, NULL, NULL, NULL, '2015-08-08 10:02:03', '05:57:57', '00:00:00', '00:00:00'),
(2520, 1103018, '2015-08-10 07:01:24', NULL, NULL, NULL, NULL, NULL, NULL, '2015-08-10 12:29:14', '03:30:46', '00:00:00', '00:00:00'),
(2521, 1103018, '2015-08-11 07:21:06', '2015-08-11 11:58:26', '2015-08-11 12:25:44', NULL, NULL, NULL, NULL, '2015-08-11 16:38:40', '00:00:00', '00:00:00', '00:00:00'),
(2522, 1103018, '2015-08-12 06:57:02', '2015-08-12 10:52:30', '2015-08-12 11:11:55', NULL, NULL, NULL, NULL, '2015-08-12 16:13:16', '00:00:00', '00:00:00', '00:00:00'),
(2523, 1103018, '2015-08-13 07:30:17', '2015-08-13 11:19:08', '2015-08-13 11:49:56', NULL, NULL, NULL, NULL, '2015-08-13 16:24:08', '00:00:00', '00:00:00', '00:00:48'),
(2524, 1103018, '2015-08-14 07:13:28', '2015-08-14 11:06:23', '2015-08-14 11:27:02', NULL, NULL, NULL, NULL, '2015-08-14 16:59:36', '00:00:00', '00:00:00', '00:00:00'),
(2525, 1103018, '2015-08-15 07:35:49', NULL, NULL, NULL, NULL, NULL, NULL, '2015-08-15 12:20:45', '03:39:15', '00:00:00', '00:00:00'),
(2526, 1203094, '2015-08-03 08:30:05', '2015-08-03 12:16:31', '2015-08-03 12:59:09', NULL, NULL, NULL, NULL, '2015-08-03 17:45:29', '00:00:00', '00:00:05', '00:27:38'),
(2527, 1203094, '2015-08-04 08:20:33', '2015-08-04 11:37:59', '2015-08-04 12:12:09', NULL, NULL, NULL, NULL, '2015-08-04 17:32:42', '00:00:00', '00:00:00', '00:19:10'),
(2528, 1203094, '2015-08-10 08:24:46', '2015-08-10 12:31:11', '2015-08-10 13:00:51', NULL, NULL, NULL, NULL, '2015-08-10 18:00:43', '00:00:00', '00:00:00', '00:14:40'),
(2529, 1203094, '2015-08-11 08:23:53', '2015-08-11 12:13:01', '2015-08-11 12:42:53', NULL, NULL, NULL, NULL, '2015-08-11 17:36:21', '00:00:00', '00:00:00', '00:14:52'),
(2530, 1203094, '2015-08-12 08:21:55', '2015-08-12 12:02:10', '2015-08-12 12:39:51', NULL, NULL, NULL, NULL, '2015-08-12 18:12:22', '00:00:00', '00:00:00', '00:22:41'),
(2531, 1203094, '2015-08-13 07:42:52', '2015-08-13 12:14:26', '2015-08-13 12:32:43', NULL, NULL, NULL, NULL, '2015-08-13 17:53:07', '00:00:00', '00:00:00', '00:03:17'),
(2532, 1203094, '2015-08-14 08:26:07', '2015-08-14 11:43:24', '2015-08-14 12:02:14', NULL, NULL, NULL, NULL, '2015-08-14 18:20:08', '00:00:00', '00:00:00', '00:03:50'),
(2533, 1203036, '2015-08-04 05:01:57', NULL, NULL, NULL, NULL, NULL, NULL, '2015-08-04 20:51:43', '00:00:00', '00:00:00', '00:00:00'),
(2534, 1203036, '2015-08-05 05:09:08', NULL, NULL, NULL, NULL, NULL, NULL, '2015-08-05 20:46:57', '00:00:00', '00:00:00', '00:00:00'),
(2535, 1203036, '2015-08-06 05:07:43', NULL, NULL, NULL, NULL, NULL, NULL, '2015-08-06 20:50:45', '00:00:00', '00:00:00', '00:00:00'),
(2536, 1203036, '2015-08-11 05:04:30', NULL, NULL, NULL, NULL, NULL, NULL, '2015-08-11 20:48:14', '00:00:00', '00:00:00', '00:00:00'),
(2537, 1203036, '2015-08-12 05:07:53', NULL, NULL, NULL, NULL, NULL, NULL, '2015-08-12 20:50:27', '00:00:00', '00:00:00', '00:00:00'),
(2538, 1203036, '2015-08-13 05:29:23', NULL, NULL, NULL, NULL, NULL, NULL, '2015-08-13 20:49:10', '00:00:00', '00:00:00', '00:00:00'),
(2539, 1203036, '2015-08-14 05:01:47', '2015-08-14 17:09:49', '2015-08-14 19:14:00', NULL, NULL, NULL, NULL, '2015-08-14 19:42:46', '00:00:00', '00:00:00', '01:34:11'),
(2540, 140702, '2015-08-03 08:01:16', '2015-08-03 12:16:42', '2015-08-03 12:56:17', NULL, NULL, NULL, NULL, '2015-08-03 18:48:55', '00:00:00', '00:00:00', '00:24:35'),
(2541, 140702, '2015-08-04 06:45:46', '2015-08-04 12:31:40', '2015-08-04 13:15:06', NULL, NULL, NULL, NULL, '2015-08-04 18:16:25', '00:00:00', '00:00:00', '00:28:26'),
(2542, 140702, '2015-08-06 06:47:08', '2015-08-06 12:07:08', '2015-08-06 12:34:04', NULL, NULL, NULL, NULL, '2015-08-06 17:52:37', '00:00:00', '00:00:00', '00:11:56'),
(2543, 140702, '2015-08-07 06:49:09', '2015-08-07 12:02:19', '2015-08-07 12:33:22', NULL, NULL, NULL, NULL, '2015-08-07 18:08:24', '00:00:00', '00:00:00', '00:16:03'),
(2544, 140702, '2015-08-10 06:25:54', '2015-08-10 12:31:04', '2015-08-10 13:00:45', NULL, NULL, NULL, NULL, '2015-08-10 17:40:44', '00:00:00', '00:00:00', '00:14:41'),
(2545, 140702, '2015-08-11 06:47:15', '2015-08-11 12:12:40', '2015-08-11 12:43:15', NULL, NULL, NULL, NULL, '2015-08-11 18:09:01', '00:00:00', '00:00:00', '00:15:35'),
(2546, 140702, '2015-08-12 06:43:30', '2015-08-12 12:04:27', '2015-08-12 12:34:33', NULL, NULL, NULL, NULL, '2015-08-12 18:04:56', '00:00:00', '00:00:00', '00:15:06'),
(2547, 140702, '2015-08-13 07:50:17', '2015-08-13 12:14:37', '2015-08-13 12:32:35', NULL, NULL, NULL, NULL, '2015-08-13 18:00:21', '00:00:00', '00:00:00', '00:02:58'),
(2548, 140702, '2015-08-14 06:39:54', '2015-08-14 12:14:52', '2015-08-14 12:35:32', NULL, NULL, NULL, NULL, '2015-08-14 18:17:20', '00:00:00', '00:00:00', '00:05:40'),
(2549, 1109044, '2015-08-03 10:06:15', '2015-08-03 12:16:48', '2015-08-03 12:58:27', NULL, NULL, NULL, NULL, '2015-08-03 19:02:33', '00:00:00', '01:36:15', '00:26:39'),
(2550, 1109044, '2015-08-04 09:13:47', '2015-08-04 12:21:18', '2015-08-04 13:14:59', NULL, NULL, NULL, NULL, '2015-08-04 18:24:09', '00:00:00', '00:43:47', '00:38:41'),
(2551, 1109044, '2015-08-05 08:49:42', '2015-08-05 09:08:27', '2015-08-05 09:15:20', '2015-08-05 12:20:09', '2015-08-05 12:58:42', '2015-08-05 16:20:14', '2015-08-05 16:27:42', '2015-08-05 17:38:03', '00:00:00', '00:19:42', '00:00:00'),
(2552, 1109044, '2015-08-10 11:27:15', '2015-08-10 12:31:27', '2015-08-10 13:25:54', NULL, NULL, NULL, NULL, '2015-08-10 17:48:03', '00:00:00', '02:57:15', '00:39:27');
INSERT INTO `employee_dtr` (`id`, `employee_id`, `start_of_duty`, `first_out`, `first_in`, `second_out`, `second_in`, `third_out`, `third_in`, `end_of_duty`, `undertime`, `late`, `overbreak`) VALUES
(2553, 1109044, '2015-08-14 14:31:46', NULL, NULL, NULL, NULL, NULL, NULL, '2015-08-14 17:22:05', '00:07:55', '06:01:46', '00:00:00'),
(2554, 150103, '2015-08-03 09:58:20', '2015-08-03 12:25:04', '2015-08-03 12:42:34', NULL, NULL, NULL, NULL, '2015-08-03 18:24:09', '00:00:00', '00:58:20', '00:02:30'),
(2555, 150103, '2015-08-04 09:24:47', '2015-08-04 10:07:06', '2015-08-04 10:25:53', '2015-08-04 12:08:53', '2015-08-04 12:25:06', NULL, NULL, '2015-08-04 18:33:57', '00:00:00', '00:24:47', '00:03:47'),
(2556, 150103, '2015-08-05 09:41:24', '2015-08-05 10:27:13', '2015-08-05 10:43:33', '2015-08-05 12:34:32', '2015-08-05 12:53:11', NULL, NULL, '2015-08-05 18:12:07', '00:00:00', '00:41:24', '00:01:20'),
(2557, 150103, '2015-08-06 10:12:17', '2015-08-06 12:13:42', '2015-08-06 12:37:23', NULL, NULL, NULL, NULL, '2015-08-06 18:12:23', '00:00:00', '01:12:17', '00:08:41'),
(2558, 150103, '2015-08-07 09:51:37', '2015-08-07 12:15:43', '2015-08-07 12:36:26', NULL, NULL, NULL, NULL, '2015-08-07 18:03:41', '00:00:00', '00:51:37', '00:05:43'),
(2559, 150103, '2015-08-10 09:04:49', '2015-08-10 10:04:57', '2015-08-10 10:23:30', '2015-08-10 12:36:33', '2015-08-10 13:11:41', NULL, NULL, '2015-08-10 18:14:54', '00:00:00', '00:04:49', '00:03:33'),
(2560, 150103, '2015-08-11 09:21:25', '2015-08-11 12:09:23', '2015-08-11 12:30:20', NULL, NULL, NULL, NULL, '2015-08-11 18:19:29', '00:00:00', '00:21:25', '00:05:57'),
(2561, 150103, '2015-08-12 09:06:49', '2015-08-12 12:18:27', '2015-08-12 12:37:04', '2015-08-12 16:17:30', '2015-08-12 16:22:14', NULL, NULL, '2015-08-12 18:18:22', '00:00:00', '00:06:49', '00:03:37'),
(2562, 150103, '2015-08-13 08:57:30', '2015-08-13 09:39:46', '2015-08-13 09:56:48', '2015-08-13 12:06:31', '2015-08-13 12:23:47', NULL, NULL, '2015-08-13 18:08:30', '00:00:00', '00:00:00', '00:02:02'),
(2563, 150103, '2015-08-14 09:36:13', '2015-08-14 12:25:37', '2015-08-14 12:59:25', NULL, NULL, NULL, NULL, '2015-08-14 19:02:29', '00:00:00', '00:36:13', '00:18:48'),
(2564, 1203089, '2015-08-03 08:51:11', '2015-08-03 12:16:21', '2015-08-03 12:58:12', NULL, NULL, NULL, NULL, '2015-08-03 18:51:03', '00:00:00', '00:21:11', '00:26:51'),
(2565, 1203089, '2015-08-04 08:28:46', '2015-08-04 10:33:40', '2015-08-04 10:38:32', '2015-08-04 12:21:09', '2015-08-04 13:15:49', NULL, NULL, '2015-08-04 18:02:56', '00:00:00', '00:00:00', '00:00:00'),
(2566, 1203089, '2015-08-05 08:28:11', '2015-08-05 12:20:02', '2015-08-05 12:58:57', '2015-08-05 16:20:09', '2015-08-05 16:27:48', NULL, NULL, '2015-08-05 18:09:27', '00:00:00', '00:00:00', '00:23:55'),
(2567, 1203089, '2015-08-06 08:28:03', '2015-08-06 09:31:57', '2015-08-06 09:38:08', '2015-08-06 12:07:00', '2015-08-06 12:34:11', NULL, NULL, '2015-08-06 17:36:47', '00:00:00', '00:00:00', '00:00:00'),
(2568, 1203089, '2015-08-10 06:56:01', '2015-08-10 09:02:27', '2015-08-10 09:14:08', '2015-08-10 12:31:21', '2015-08-10 13:26:01', NULL, NULL, '2015-08-10 18:13:52', '00:00:00', '00:00:00', '00:00:00'),
(2569, 1203089, '2015-08-11 08:31:29', '2015-08-11 11:42:45', '2015-08-11 11:56:10', '2015-08-11 12:13:10', '2015-08-11 12:42:59', NULL, NULL, '2015-08-11 17:58:08', '00:00:00', '00:01:29', '00:00:00'),
(2570, 1203089, '2015-08-12 11:49:31', '2015-08-12 19:11:41', '2015-08-12 19:35:27', NULL, NULL, NULL, NULL, '2015-08-12 20:28:32', '00:00:00', '03:19:31', '00:08:46'),
(2571, 1203089, '2015-08-13 12:11:27', '2015-08-13 19:30:02', '2015-08-13 19:53:41', NULL, NULL, NULL, NULL, '2015-08-13 21:35:27', '00:00:00', '03:41:27', '00:08:39'),
(2572, 1203089, '2015-08-14 12:37:59', '2015-08-14 19:38:41', '2015-08-14 20:14:13', NULL, NULL, NULL, NULL, '2015-08-14 21:12:51', '00:00:00', '04:07:59', '00:20:32'),
(2573, 710026, '2015-08-03 05:55:59', NULL, NULL, NULL, NULL, NULL, NULL, '2015-08-03 14:01:54', '00:00:00', '00:00:00', '00:00:00'),
(2574, 710026, '2015-08-04 05:55:27', NULL, NULL, NULL, NULL, NULL, NULL, '2015-08-04 14:03:03', '00:00:00', '00:00:00', '00:00:00'),
(2575, 710026, '2015-08-06 05:49:40', NULL, NULL, NULL, NULL, NULL, NULL, '2015-08-06 14:02:53', '00:00:00', '00:00:00', '00:00:00'),
(2576, 710026, '2015-08-07 05:42:07', NULL, NULL, NULL, NULL, NULL, NULL, '2015-08-07 14:02:44', '00:00:00', '00:00:00', '00:00:00'),
(2577, 710026, '2015-08-10 05:53:40', NULL, NULL, NULL, NULL, NULL, NULL, '2015-08-10 14:01:30', '00:00:00', '00:00:00', '00:00:00'),
(2578, 710026, '2015-08-11 05:45:34', NULL, NULL, NULL, NULL, NULL, NULL, '2015-08-11 14:02:06', '00:00:00', '00:00:00', '00:00:00'),
(2579, 710026, '2015-08-12 05:47:38', NULL, NULL, NULL, NULL, NULL, NULL, '2015-08-12 14:01:31', '00:00:00', '00:00:00', '00:00:00'),
(2580, 710026, '2015-08-13 05:49:28', NULL, NULL, NULL, NULL, NULL, NULL, '2015-08-13 14:02:54', '00:00:00', '00:00:00', '00:00:00'),
(2581, 710026, '2015-08-14 05:50:11', NULL, NULL, NULL, NULL, NULL, NULL, '2015-08-14 14:03:30', '00:00:00', '00:00:00', '00:00:00'),
(2582, 140902, '2015-08-04 07:00:05', NULL, NULL, NULL, NULL, NULL, NULL, '2015-08-04 22:56:41', '00:00:00', '00:00:00', '00:00:00'),
(2583, 140902, '2015-08-05 07:00:03', NULL, NULL, NULL, NULL, NULL, NULL, '2015-08-05 22:58:05', '00:00:00', '00:00:00', '00:00:00'),
(2584, 140902, '2015-08-06 07:00:27', NULL, NULL, NULL, NULL, NULL, NULL, '2015-08-06 23:02:46', '00:00:00', '00:00:00', '00:00:00'),
(2585, 140902, '2015-08-07 07:03:01', NULL, NULL, NULL, NULL, NULL, NULL, '2015-08-07 22:49:34', '00:00:00', '00:00:00', '00:00:00'),
(2586, 140902, '2015-08-13 07:00:29', NULL, NULL, NULL, NULL, NULL, NULL, '2015-08-13 22:57:38', '00:00:00', '00:00:00', '00:00:00'),
(2587, 140902, '2015-08-14 07:07:22', NULL, NULL, NULL, NULL, NULL, NULL, '2015-08-14 15:52:21', '03:07:39', '00:00:00', '00:00:00'),
(2588, 1203090, '2015-08-04 07:02:20', NULL, NULL, NULL, NULL, NULL, NULL, '2015-08-04 22:23:21', '00:00:00', '00:00:00', '00:00:00'),
(2589, 1203090, '2015-08-05 07:00:22', NULL, NULL, NULL, NULL, NULL, NULL, '2015-08-05 22:58:40', '00:00:00', '00:00:00', '00:00:00'),
(2590, 1203090, '2015-08-06 07:42:25', NULL, NULL, NULL, NULL, NULL, NULL, '2015-08-06 22:38:37', '00:00:00', '00:00:00', '00:00:00'),
(2591, 1203090, '2015-08-07 07:01:04', NULL, NULL, NULL, NULL, NULL, NULL, '2015-08-07 22:51:38', '00:00:00', '00:00:00', '00:00:00'),
(2592, 1203090, '2015-08-12 07:01:17', NULL, NULL, NULL, NULL, NULL, NULL, '2015-08-12 22:34:00', '00:00:00', '00:00:00', '00:00:00'),
(2593, 1203090, '2015-08-13 07:22:51', NULL, NULL, NULL, NULL, NULL, NULL, '2015-08-13 23:09:21', '00:00:00', '00:00:00', '00:00:00'),
(2594, 1203090, '2015-08-14 07:04:07', NULL, NULL, NULL, NULL, NULL, NULL, '2015-08-14 17:17:49', '01:42:11', '00:00:00', '00:00:00'),
(2595, 702003, '2015-08-03 10:00:52', NULL, NULL, NULL, NULL, NULL, NULL, '2015-08-03 18:16:09', '00:00:00', '00:00:52', '00:00:00'),
(2596, 702003, '2015-08-04 09:51:55', NULL, NULL, NULL, NULL, NULL, NULL, '2015-08-04 18:12:20', '00:00:00', '00:00:00', '00:00:00'),
(2597, 702003, '2015-08-05 10:32:26', NULL, NULL, NULL, NULL, NULL, NULL, '2015-08-05 18:09:43', '00:00:00', '00:32:26', '00:00:00'),
(2598, 702003, '2015-08-06 10:09:51', NULL, NULL, NULL, NULL, NULL, NULL, '2015-08-06 18:23:21', '00:00:00', '00:09:51', '00:00:00'),
(2599, 702003, '2015-08-07 09:58:54', '2015-08-07 12:34:27', '2015-08-07 12:35:49', NULL, NULL, NULL, NULL, '2015-08-07 18:30:02', '00:00:00', '00:00:00', '00:00:00'),
(2600, 702003, '2015-08-10 11:59:00', NULL, NULL, NULL, NULL, NULL, NULL, '2015-08-10 18:00:03', '00:00:00', '01:59:00', '00:00:00'),
(2601, 702003, '2015-08-12 09:52:49', NULL, NULL, NULL, NULL, NULL, NULL, '2015-08-12 18:16:04', '00:00:00', '00:00:00', '00:00:00'),
(2602, 702003, '2015-08-13 11:43:48', NULL, NULL, NULL, NULL, NULL, NULL, '2015-08-13 18:15:46', '00:00:00', '01:43:48', '00:00:00'),
(2603, 702003, '2015-08-14 10:50:30', NULL, NULL, NULL, NULL, NULL, NULL, '2015-08-14 18:54:01', '00:00:00', '00:50:30', '00:00:00'),
(2604, 706009, '2015-08-03 08:35:22', '2015-08-03 12:10:52', '2015-08-03 12:42:56', NULL, NULL, NULL, NULL, '2015-08-03 17:39:04', '00:00:00', '00:05:22', '00:17:04'),
(2605, 706009, '2015-08-04 08:28:16', '2015-08-04 12:12:31', '2015-08-04 12:48:32', NULL, NULL, NULL, NULL, '2015-08-04 17:35:54', '00:00:00', '00:00:00', '00:21:01'),
(2606, 706009, '2015-08-06 08:21:20', '2015-08-06 12:01:34', '2015-08-06 12:41:27', NULL, NULL, NULL, NULL, '2015-08-06 17:34:16', '00:00:00', '00:00:00', '00:24:53'),
(2607, 706009, '2015-08-07 08:38:56', '2015-08-07 12:01:55', '2015-08-07 12:34:21', NULL, NULL, NULL, NULL, '2015-08-07 17:43:10', '00:00:00', '00:08:56', '00:17:26'),
(2608, 706009, '2015-08-11 11:56:17', '2015-08-11 12:13:45', '2015-08-11 12:55:00', NULL, NULL, NULL, NULL, '2015-08-11 18:00:33', '00:00:00', '03:26:17', '00:26:15'),
(2609, 706009, '2015-08-13 00:08:51', '2015-08-13 15:51:56', '2015-08-13 19:30:11', NULL, NULL, NULL, NULL, '2015-08-13 19:53:47', '00:00:00', '00:00:00', '03:23:15'),
(2610, 706009, '2015-08-14 00:07:04', '2015-08-14 15:57:49', '2015-08-14 19:38:33', NULL, NULL, NULL, NULL, '2015-08-14 20:14:20', '00:00:00', '00:00:00', '03:25:44'),
(2611, 801001, '2015-08-03 08:50:33', '2015-08-03 11:33:49', '2015-08-03 11:56:53', NULL, NULL, NULL, NULL, '2015-08-03 17:01:28', '00:00:00', '00:00:00', '00:00:00'),
(2612, 801001, '2015-08-04 08:48:13', '2015-08-04 11:29:55', '2015-08-04 11:47:05', NULL, NULL, NULL, NULL, '2015-08-04 17:02:21', '00:00:00', '00:00:00', '00:00:00'),
(2613, 801001, '2015-08-05 08:38:38', '2015-08-05 11:29:24', '2015-08-05 11:49:42', NULL, NULL, NULL, NULL, '2015-08-05 17:06:00', '00:00:00', '00:00:00', '00:00:00'),
(2614, 801001, '2015-08-06 08:48:57', '2015-08-06 11:29:19', '2015-08-06 11:54:53', NULL, NULL, NULL, NULL, '2015-08-06 17:04:51', '00:00:00', '00:00:00', '00:00:00'),
(2615, 801001, '2015-08-07 08:47:56', '2015-08-07 11:29:34', '2015-08-07 11:53:52', NULL, NULL, NULL, NULL, '2015-08-07 17:03:20', '00:00:00', '00:00:00', '00:00:00'),
(2616, 801001, '2015-08-10 09:16:05', '2015-08-10 11:27:22', '2015-08-10 11:47:46', NULL, NULL, NULL, NULL, '2015-08-10 17:02:38', '00:00:00', '00:16:05', '00:00:00'),
(2617, 801001, '2015-08-11 08:47:25', '2015-08-11 11:30:35', '2015-08-11 11:55:25', NULL, NULL, NULL, NULL, '2015-08-11 17:05:03', '00:00:00', '00:00:00', '00:00:00'),
(2618, 801001, '2015-08-12 08:49:27', '2015-08-12 11:30:37', '2015-08-12 11:51:07', NULL, NULL, NULL, NULL, '2015-08-12 17:04:23', '00:00:00', '00:00:00', '00:00:00'),
(2619, 801001, '2015-08-13 11:08:00', '2015-08-13 11:28:54', '2015-08-13 11:50:54', NULL, NULL, NULL, NULL, '2015-08-13 17:25:14', '00:00:00', '02:08:00', '00:00:00'),
(2620, 801001, '2015-08-14 08:45:21', '2015-08-14 11:27:54', '2015-08-14 11:47:37', NULL, NULL, NULL, NULL, '2015-08-14 17:03:29', '00:00:00', '00:00:00', '00:00:00'),
(2621, 506001, '2015-08-03 10:07:38', NULL, NULL, NULL, NULL, NULL, NULL, '2015-08-03 18:16:21', '00:00:00', '00:07:38', '00:00:00'),
(2622, 506001, '2015-08-05 09:49:54', '2015-08-05 16:54:22', '2015-08-05 17:03:52', NULL, NULL, NULL, NULL, '2015-08-05 18:09:35', '00:00:00', '00:00:00', '00:00:00'),
(2623, 506001, '2015-08-06 09:32:21', '2015-08-06 12:41:52', '2015-08-06 12:44:22', NULL, NULL, NULL, NULL, '2015-08-06 15:03:17', '02:56:43', '00:00:00', '00:00:00'),
(2624, 506001, '2015-08-07 13:27:07', NULL, NULL, NULL, NULL, NULL, NULL, '2015-08-07 18:00:03', '00:00:00', '03:27:07', '00:00:00'),
(2625, 506001, '2015-08-11 09:45:07', '2015-08-11 15:13:13', '2015-08-11 15:17:12', NULL, NULL, NULL, NULL, '2015-08-11 18:00:59', '00:00:00', '00:00:00', '00:00:00'),
(2626, 506001, '2015-08-12 13:56:34', '2015-08-12 16:03:04', '2015-08-12 16:05:10', NULL, NULL, NULL, NULL, '2015-08-12 18:02:42', '00:00:00', '03:56:34', '00:00:00'),
(2627, 506001, '2015-08-13 10:23:00', NULL, NULL, NULL, NULL, NULL, NULL, '2015-08-13 18:02:21', '00:00:00', '00:23:00', '00:00:00'),
(2628, 1203056, '2015-08-03 16:39:40', NULL, NULL, NULL, NULL, NULL, NULL, '2015-08-03 22:05:22', '00:00:00', '06:39:40', '00:00:00'),
(2629, 1203056, '2015-08-04 09:27:32', NULL, NULL, NULL, NULL, NULL, NULL, '2015-08-04 09:28:37', '00:00:00', '00:00:00', '00:00:00'),
(2630, 1203056, '2015-08-05 11:30:15', '2015-08-05 13:12:06', '2015-08-05 16:22:54', NULL, NULL, NULL, NULL, '2015-08-05 19:18:02', '00:00:00', '01:30:15', '02:40:48'),
(2631, 1203056, '2015-08-07 15:03:39', NULL, NULL, NULL, NULL, NULL, NULL, '2015-08-07 18:49:16', '00:00:00', '05:03:39', '00:00:00'),
(2632, 1203056, '2015-08-11 13:35:57', NULL, NULL, NULL, NULL, NULL, NULL, '2015-08-11 21:08:45', '00:00:00', '03:35:57', '00:00:00'),
(2633, 1203056, '2015-08-12 09:55:58', NULL, NULL, NULL, NULL, NULL, NULL, '2015-08-12 14:31:22', '03:28:38', '00:00:00', '00:00:00'),
(2634, 1203056, '2015-08-13 18:09:13', NULL, NULL, NULL, NULL, NULL, NULL, '2015-08-13 19:11:05', '00:00:00', '08:09:13', '00:00:00'),
(2635, 1203056, '2015-08-14 17:04:31', '2015-08-14 18:03:22', '2015-08-14 19:10:01', NULL, NULL, NULL, NULL, '2015-08-14 19:39:41', '00:00:00', '07:04:31', '00:36:39'),
(2636, 140502, '2015-08-03 07:39:05', NULL, NULL, NULL, NULL, NULL, NULL, '2015-08-03 18:10:22', '00:00:00', '00:00:00', '00:00:00'),
(2637, 140502, '2015-08-04 07:12:04', NULL, NULL, NULL, NULL, NULL, NULL, '2015-08-04 17:08:04', '00:00:00', '00:00:00', '00:00:00'),
(2638, 140502, '2015-08-05 07:29:51', NULL, NULL, NULL, NULL, NULL, NULL, '2015-08-05 17:18:07', '00:00:00', '00:00:00', '00:00:00'),
(2639, 140502, '2015-08-06 07:11:56', NULL, NULL, NULL, NULL, NULL, NULL, '2015-08-06 17:06:36', '00:00:00', '00:00:00', '00:00:00'),
(2640, 140502, '2015-08-07 07:47:26', NULL, NULL, NULL, NULL, NULL, NULL, '2015-08-07 17:19:37', '00:00:00', '00:00:00', '00:00:00'),
(2641, 140502, '2015-08-10 08:12:35', '2015-08-10 12:15:13', '2015-08-10 12:42:02', NULL, NULL, NULL, NULL, '2015-08-10 17:13:20', '00:00:00', '00:12:35', '00:11:49'),
(2642, 140502, '2015-08-11 08:32:26', NULL, NULL, NULL, NULL, NULL, NULL, '2015-08-11 17:03:55', '00:00:00', '00:32:26', '00:00:00'),
(2643, 140502, '2015-08-12 07:24:31', NULL, NULL, NULL, NULL, NULL, NULL, '2015-08-12 18:11:14', '00:00:00', '00:00:00', '00:00:00'),
(2644, 140502, '2015-08-13 07:20:21', NULL, NULL, NULL, NULL, NULL, NULL, '2015-08-13 17:14:37', '00:00:00', '00:00:00', '00:00:00'),
(2645, 140502, '2015-08-14 08:44:40', NULL, NULL, NULL, NULL, NULL, NULL, '2015-08-14 17:15:11', '00:00:00', '00:44:40', '00:00:00'),
(2646, 1203082, '2015-08-03 08:28:07', '2015-08-03 10:18:41', '2015-08-03 10:27:35', '2015-08-03 12:40:30', '2015-08-03 13:05:20', NULL, NULL, '2015-08-03 18:05:46', '00:00:00', '00:00:00', '00:00:00'),
(2647, 1203082, '2015-08-04 08:30:12', '2015-08-04 11:27:28', '2015-08-04 11:37:42', NULL, NULL, NULL, NULL, '2015-08-04 19:26:08', '00:00:00', '00:00:12', '00:00:00'),
(2648, 1203082, '2015-08-05 08:37:41', '2015-08-05 10:59:08', '2015-08-05 11:07:36', '2015-08-05 12:43:04', '2015-08-05 12:57:56', NULL, NULL, '2015-08-05 18:12:33', '00:00:00', '00:07:41', '00:00:00'),
(2649, 1203082, '2015-08-06 08:20:36', '2015-08-06 11:18:57', '2015-08-06 11:27:35', NULL, NULL, NULL, NULL, '2015-08-06 18:23:44', '00:00:00', '00:00:00', '00:00:00'),
(2650, 1203082, '2015-08-07 11:24:42', '2015-08-07 14:23:13', '2015-08-07 15:43:28', NULL, NULL, NULL, NULL, '2015-08-07 18:33:58', '00:00:00', '02:54:42', '01:05:15'),
(2651, 904061, '2015-08-03 08:23:46', '2015-08-03 11:42:45', '2015-08-03 11:45:43', NULL, NULL, NULL, NULL, '2015-08-03 17:10:54', '00:19:06', '00:00:00', '00:00:00'),
(2652, 904061, '2015-08-04 08:19:59', '2015-08-04 11:22:35', '2015-08-04 11:34:42', NULL, NULL, NULL, NULL, '2015-08-04 17:40:53', '00:00:00', '00:00:00', '00:00:00'),
(2653, 904061, '2015-08-05 07:57:57', NULL, NULL, NULL, NULL, NULL, NULL, '2015-08-05 16:52:18', '00:37:42', '00:00:00', '00:00:00'),
(2654, 904061, '2015-08-10 07:53:07', '2015-08-10 11:11:49', '2015-08-10 11:29:07', NULL, NULL, NULL, NULL, '2015-08-10 17:03:26', '00:26:34', '00:00:00', '00:02:18'),
(2655, 904061, '2015-08-11 08:35:56', NULL, NULL, NULL, NULL, NULL, NULL, '2015-08-11 17:11:09', '00:18:51', '00:05:56', '00:00:00'),
(2656, 904061, '2015-08-12 07:56:58', '2015-08-12 16:33:07', '2015-08-12 16:47:47', NULL, NULL, NULL, NULL, '2015-08-12 17:14:49', '00:15:11', '00:00:00', '00:00:00'),
(2657, 904061, '2015-08-13 07:48:36', NULL, NULL, NULL, NULL, NULL, NULL, '2015-08-13 17:25:22', '00:04:38', '00:00:00', '00:00:00'),
(2658, 806048, '2015-08-03 08:34:01', NULL, NULL, NULL, NULL, NULL, NULL, '2015-08-03 18:10:05', '00:00:00', '00:00:00', '00:00:00'),
(2659, 806048, '2015-08-04 09:06:41', NULL, NULL, NULL, NULL, NULL, NULL, '2015-08-04 19:26:17', '00:00:00', '00:00:00', '00:00:00'),
(2660, 806048, '2015-08-05 09:45:47', NULL, NULL, NULL, NULL, NULL, NULL, '2015-08-05 18:11:18', '00:00:00', '00:00:00', '00:00:00'),
(2661, 806048, '2015-08-06 10:50:26', NULL, NULL, NULL, NULL, NULL, NULL, '2015-08-06 18:23:26', '00:00:00', '00:50:26', '00:00:00'),
(2662, 806048, '2015-08-07 09:59:29', NULL, NULL, NULL, NULL, NULL, NULL, '2015-08-07 18:32:28', '00:00:00', '00:00:00', '00:00:00'),
(2663, 806048, '2015-08-10 12:56:02', NULL, NULL, NULL, NULL, NULL, NULL, '2015-08-10 17:59:32', '00:00:28', '02:56:02', '00:00:00'),
(2664, 806048, '2015-08-12 09:56:21', NULL, NULL, NULL, NULL, NULL, NULL, '2015-08-12 17:17:59', '00:42:01', '00:00:00', '00:00:00'),
(2665, 806048, '2015-08-13 10:16:22', NULL, NULL, NULL, NULL, NULL, NULL, '2015-08-13 17:46:51', '00:13:09', '00:16:22', '00:00:00'),
(2666, 806048, '2015-08-14 10:19:29', NULL, NULL, NULL, NULL, NULL, NULL, '2015-08-14 18:53:38', '00:00:00', '00:19:29', '00:00:00'),
(2667, 802005, '2015-08-03 13:44:14', NULL, NULL, NULL, NULL, NULL, NULL, '2015-08-03 22:05:14', '00:00:00', '00:00:00', '00:00:00'),
(2668, 802005, '2015-08-04 13:26:54', NULL, NULL, NULL, NULL, NULL, NULL, '2015-08-04 22:00:54', '00:00:00', '00:00:00', '00:00:00'),
(2669, 802005, '2015-08-05 13:57:55', NULL, NULL, NULL, NULL, NULL, NULL, '2015-08-05 22:08:41', '00:00:00', '00:00:00', '00:00:00'),
(2670, 802005, '2015-08-06 13:48:50', NULL, NULL, NULL, NULL, NULL, NULL, '2015-08-06 22:00:14', '00:00:00', '00:00:00', '00:00:00'),
(2671, 802005, '2015-08-07 14:04:57', NULL, NULL, NULL, NULL, NULL, NULL, '2015-08-07 22:01:10', '00:00:00', '00:04:57', '00:00:00'),
(2672, 802005, '2015-08-10 13:39:26', NULL, NULL, NULL, NULL, NULL, NULL, '2015-08-10 22:00:33', '00:00:00', '00:00:00', '00:00:00'),
(2673, 802005, '2015-08-11 13:27:02', NULL, NULL, NULL, NULL, NULL, NULL, '2015-08-11 22:01:56', '00:00:00', '00:00:00', '00:00:00'),
(2674, 802005, '2015-08-12 13:24:05', NULL, NULL, NULL, NULL, NULL, NULL, '2015-08-12 22:02:54', '00:00:00', '00:00:00', '00:00:00'),
(2675, 802005, '2015-08-13 13:30:24', NULL, NULL, NULL, NULL, NULL, NULL, '2015-08-13 22:02:52', '00:00:00', '00:00:00', '00:00:00'),
(2676, 802005, '2015-08-14 13:25:37', NULL, NULL, NULL, NULL, NULL, NULL, '2015-08-14 22:02:02', '00:00:00', '00:00:00', '00:00:00'),
(2677, 1203080, '2015-08-03 05:56:06', '2015-08-03 12:05:54', '2015-08-03 12:32:43', NULL, NULL, NULL, NULL, '2015-08-03 14:18:25', '02:41:35', '00:00:00', '00:11:49'),
(2678, 1203080, '2015-08-04 07:52:52', '2015-08-04 11:48:26', '2015-08-04 12:13:44', NULL, NULL, NULL, NULL, '2015-08-04 17:10:04', '00:00:00', '00:00:00', '00:10:18'),
(2679, 1203080, '2015-08-05 07:54:55', '2015-08-05 11:59:20', '2015-08-05 12:24:28', NULL, NULL, NULL, NULL, '2015-08-05 12:41:57', '04:18:03', '00:00:00', '00:10:08'),
(2680, 1203080, '2015-08-06 07:51:55', '2015-08-06 12:04:45', '2015-08-06 12:19:51', NULL, NULL, NULL, NULL, '2015-08-06 17:14:31', '00:00:00', '00:00:00', '00:00:06'),
(2681, 1203080, '2015-08-07 07:50:08', '2015-08-07 12:13:19', '2015-08-07 12:28:59', NULL, NULL, NULL, NULL, '2015-08-07 17:05:04', '00:00:00', '00:00:00', '00:00:40'),
(2682, 1203080, '2015-08-10 06:12:06', NULL, NULL, NULL, NULL, NULL, NULL, '2015-08-10 14:46:33', '02:13:27', '00:00:00', '00:00:00'),
(2683, 1203080, '2015-08-11 07:53:09', '2015-08-11 10:37:20', '2015-08-11 10:51:13', NULL, NULL, NULL, NULL, '2015-08-11 17:03:49', '00:00:00', '00:00:00', '00:00:00'),
(2684, 1203080, '2015-08-14 08:02:04', '2015-08-14 12:03:41', '2015-08-14 12:23:49', NULL, NULL, NULL, NULL, '2015-08-14 17:07:45', '00:00:00', '00:02:04', '00:05:08'),
(2685, 810079, '2015-08-03 09:47:05', NULL, NULL, NULL, NULL, NULL, NULL, '2015-08-03 19:10:30', '00:00:00', '00:00:00', '00:00:00'),
(2686, 810079, '2015-08-04 09:52:58', '2015-08-04 11:48:32', '2015-08-04 12:18:09', NULL, NULL, NULL, NULL, '2015-08-04 19:00:04', '00:00:00', '00:00:00', '00:00:00'),
(2687, 810079, '2015-08-05 10:25:34', '2015-08-05 11:59:27', '2015-08-05 12:33:24', NULL, NULL, NULL, NULL, '2015-08-05 18:03:26', '00:00:00', '00:25:34', '00:03:57'),
(2688, 810079, '2015-08-06 09:57:30', '2015-08-06 12:04:37', '2015-08-06 12:34:20', NULL, NULL, NULL, NULL, '2015-08-06 18:23:51', '00:00:00', '00:00:00', '00:00:00'),
(2689, 810079, '2015-08-07 09:57:46', '2015-08-07 12:13:13', '2015-08-07 12:30:48', NULL, NULL, NULL, NULL, '2015-08-07 19:04:25', '00:00:00', '00:00:00', '00:00:00'),
(2690, 810079, '2015-08-10 09:22:10', '2015-08-10 12:15:08', '2015-08-10 12:42:11', NULL, NULL, NULL, NULL, '2015-08-10 18:38:44', '00:00:00', '00:00:00', '00:00:00'),
(2691, 810079, '2015-08-11 09:33:31', '2015-08-11 12:03:48', '2015-08-11 13:14:32', NULL, NULL, NULL, NULL, '2015-08-11 18:22:55', '00:00:00', '00:00:00', '00:40:44'),
(2692, 810079, '2015-08-12 09:31:30', '2015-08-12 12:18:34', '2015-08-12 12:29:24', NULL, NULL, NULL, NULL, '2015-08-12 18:16:22', '00:00:00', '00:00:00', '00:00:00'),
(2693, 810079, '2015-08-13 09:49:02', '2015-08-13 12:18:15', '2015-08-13 13:14:49', NULL, NULL, NULL, NULL, '2015-08-13 18:33:03', '00:00:00', '00:00:00', '00:26:34'),
(2694, 810079, '2015-08-14 10:01:19', '2015-08-14 12:23:44', '2015-08-14 13:03:38', NULL, NULL, NULL, NULL, '2015-08-14 18:54:09', '00:00:00', '00:01:19', '00:09:54'),
(2695, 150506, '2015-08-06 08:46:13', '2015-08-06 11:35:56', '2015-08-06 12:22:55', NULL, NULL, NULL, NULL, '2015-08-06 18:07:56', '00:00:00', '00:00:00', '00:31:59'),
(2696, 150506, '2015-08-07 09:04:02', NULL, NULL, NULL, NULL, NULL, NULL, '2015-08-07 17:59:18', '00:00:42', '00:04:02', '00:00:00'),
(2697, 150501, '2015-08-03 08:29:35', '2015-08-03 12:50:27', '2015-08-03 13:06:39', NULL, NULL, NULL, NULL, '2015-08-03 17:37:31', '00:00:00', '00:00:00', '00:01:12'),
(2698, 150501, '2015-08-04 08:34:43', '2015-08-04 11:07:03', '2015-08-04 13:57:29', '2015-08-04 16:25:11', '2015-08-04 16:36:28', NULL, NULL, '2015-08-04 17:40:43', '00:00:00', '00:04:43', '02:35:26'),
(2699, 150501, '2015-08-05 08:41:41', '2015-08-05 12:42:36', '2015-08-05 13:15:00', NULL, NULL, NULL, NULL, '2015-08-05 17:36:19', '00:00:00', '00:11:41', '00:17:24'),
(2700, 150501, '2015-08-06 08:30:26', '2015-08-06 12:28:07', '2015-08-06 13:15:44', NULL, NULL, NULL, NULL, '2015-08-06 17:47:08', '00:00:00', '00:00:26', '00:32:37'),
(2701, 150501, '2015-08-10 08:03:19', '2015-08-10 13:23:44', '2015-08-10 14:29:52', NULL, NULL, NULL, NULL, '2015-08-10 17:53:55', '00:00:00', '00:00:00', '00:51:08'),
(2702, 150501, '2015-08-11 08:31:43', '2015-08-11 11:50:14', '2015-08-11 12:56:53', NULL, NULL, NULL, NULL, '2015-08-11 18:15:02', '00:00:00', '00:01:43', '00:51:39'),
(2703, 150501, '2015-08-12 07:59:28', '2015-08-12 12:54:44', '2015-08-12 14:29:10', NULL, NULL, NULL, NULL, '2015-08-12 17:46:01', '00:00:00', '00:00:00', '01:19:26'),
(2704, 150501, '2015-08-13 08:51:13', '2015-08-13 12:45:11', '2015-08-13 12:58:57', NULL, NULL, NULL, NULL, '2015-08-13 17:31:15', '00:00:00', '00:21:13', '00:00:00'),
(2705, 150501, '2015-08-14 08:06:03', '2015-08-14 12:06:24', '2015-08-14 12:40:05', '2015-08-14 16:21:48', '2015-08-14 16:29:08', NULL, NULL, '2015-08-14 18:53:06', '00:00:00', '00:00:00', '00:18:41'),
(2706, 410001, '2015-08-03 10:44:05', NULL, NULL, NULL, NULL, NULL, NULL, '2015-08-03 19:10:23', '00:00:00', '00:00:00', '00:00:00'),
(2707, 410001, '2015-08-04 10:28:43', NULL, NULL, NULL, NULL, NULL, NULL, '2015-08-04 19:36:13', '00:00:00', '00:00:00', '00:00:00'),
(2708, 410001, '2015-08-05 10:20:14', NULL, NULL, NULL, NULL, NULL, NULL, '2015-08-05 17:17:51', '01:42:09', '00:00:00', '00:00:00'),
(2709, 410001, '2015-08-06 10:08:06', NULL, NULL, NULL, NULL, NULL, NULL, '2015-08-06 18:23:15', '00:36:45', '00:00:00', '00:00:00'),
(2710, 410001, '2015-08-07 10:14:00', NULL, NULL, NULL, NULL, NULL, NULL, '2015-08-07 18:30:26', '00:29:34', '00:00:00', '00:00:00'),
(2711, 410001, '2015-08-11 10:18:37', NULL, NULL, NULL, NULL, NULL, NULL, '2015-08-11 18:42:48', '00:17:12', '00:00:00', '00:00:00'),
(2712, 410001, '2015-08-12 10:00:49', NULL, NULL, NULL, NULL, NULL, NULL, '2015-08-12 18:09:26', '00:50:34', '00:00:00', '00:00:00'),
(2713, 410001, '2015-08-13 10:28:56', NULL, NULL, NULL, NULL, NULL, NULL, '2015-08-13 18:22:49', '00:37:11', '00:00:00', '00:00:00'),
(2714, 1203020, '2015-08-03 08:47:20', '2015-08-03 11:54:09', '2015-08-03 12:17:14', '2015-08-03 16:30:10', '2015-08-03 16:39:03', NULL, NULL, '2015-08-03 17:35:41', '00:00:00', '00:17:20', '00:08:05'),
(2715, 1203020, '2015-08-04 07:23:45', '2015-08-04 11:37:34', '2015-08-04 12:12:00', NULL, NULL, NULL, NULL, '2015-08-04 17:33:01', '00:00:00', '00:00:00', '00:19:26'),
(2716, 1203020, '2015-08-05 08:07:19', '2015-08-05 11:02:04', '2015-08-05 11:47:55', NULL, NULL, NULL, NULL, '2015-08-05 17:40:33', '00:00:00', '00:00:00', '00:30:51'),
(2717, 1203020, '2015-08-06 07:22:59', '2015-08-06 11:22:01', '2015-08-06 11:52:50', NULL, NULL, NULL, NULL, '2015-08-06 17:33:33', '00:00:00', '00:00:00', '00:15:49'),
(2718, 1203020, '2015-08-07 07:13:17', '2015-08-07 11:29:45', '2015-08-07 11:54:01', NULL, NULL, NULL, NULL, '2015-08-07 17:32:30', '00:00:00', '00:00:00', '00:09:16'),
(2719, 1203020, '2015-08-10 10:19:54', '2015-08-10 11:58:23', '2015-08-10 12:21:07', NULL, NULL, NULL, NULL, '2015-08-10 17:39:27', '00:00:00', '01:49:54', '00:07:44'),
(2720, 1203020, '2015-08-11 07:33:34', '2015-08-11 11:48:36', '2015-08-11 12:26:53', NULL, NULL, NULL, NULL, '2015-08-11 17:49:09', '00:00:00', '00:00:00', '00:23:17'),
(2721, 1203020, '2015-08-12 07:30:05', '2015-08-12 12:02:19', '2015-08-12 12:39:44', NULL, NULL, NULL, NULL, '2015-08-12 17:42:15', '00:00:00', '00:00:00', '00:22:25');

-- --------------------------------------------------------

--
-- Table structure for table `employee_shifts`
--

CREATE TABLE IF NOT EXISTS `employee_shifts` (
`id` int(10) unsigned NOT NULL,
  `employee_id` int(11) unsigned NOT NULL,
  `shift_id` int(11) unsigned NOT NULL,
  `date_from` date DEFAULT NULL,
  `date_to` date DEFAULT NULL,
  `created_at` timestamp NOT NULL DEFAULT CURRENT_TIMESTAMP ON UPDATE CURRENT_TIMESTAMP,
  `updated_at` timestamp NOT NULL DEFAULT '0000-00-00 00:00:00'
) ENGINE=InnoDB  DEFAULT CHARSET=latin1 AUTO_INCREMENT=57 ;

--
-- Dumping data for table `employee_shifts`
--

INSERT INTO `employee_shifts` (`id`, `employee_id`, `shift_id`, `date_from`, `date_to`, `created_at`, `updated_at`) VALUES
(1, 1, 7, '2015-07-01', '2015-12-31', '2015-08-15 11:29:46', '0000-00-00 00:00:00'),
(2, 3, 9, '2015-07-01', '2015-12-31', '2015-08-15 11:31:25', '0000-00-00 00:00:00'),
(3, 4, 21, '2015-07-01', '2015-12-31', '2015-08-17 01:43:51', '2015-08-16 17:43:51'),
(4, 5, 9, '2015-07-01', '2015-12-31', '2015-08-17 01:43:51', '2015-08-16 17:43:51'),
(5, 6, 9, '2015-07-01', '2015-12-31', '2015-08-17 01:43:51', '2015-08-16 17:43:51'),
(6, 7, 4, '2015-07-01', '2015-12-31', '2015-08-17 01:43:51', '2015-08-16 17:43:51'),
(7, 8, 8, '2015-07-01', '2015-12-31', '2015-08-17 01:43:51', '2015-08-16 17:43:51'),
(8, 9, 3, '2015-07-01', '2015-12-31', '2015-08-17 01:43:51', '2015-08-16 17:43:51'),
(9, 10, 3, '2015-07-01', '2015-12-31', '2015-08-17 01:43:51', '2015-08-16 17:43:51'),
(10, 11, 9, '2015-07-01', '2015-12-31', '2015-08-17 01:43:51', '2015-08-16 17:43:51'),
(11, 12, 3, '2015-07-01', '2015-12-31', '2015-08-17 01:43:51', '2015-08-16 17:43:51'),
(12, 13, 4, '2015-07-01', '2015-12-31', '2015-08-17 01:43:51', '2015-08-16 17:43:51'),
(13, 20, 4, '2015-07-01', '2015-12-31', '2015-08-17 01:43:51', '2015-08-16 17:43:51'),
(14, 21, 19, '2015-07-01', '2015-12-31', '2015-08-17 01:43:51', '2015-08-16 17:43:51'),
(15, 22, 3, '2015-07-01', '2015-12-31', '2015-08-17 01:43:51', '2015-08-16 17:43:51'),
(16, 23, 4, '2015-07-01', '2015-12-31', '2015-08-17 01:43:51', '2015-08-16 17:43:51'),
(17, 24, 4, '2015-07-01', '2015-12-31', '2015-08-17 01:43:51', '2015-08-16 17:43:51'),
(18, 25, 3, '2015-07-01', '2015-12-31', '2015-08-17 01:43:51', '2015-08-16 17:43:51'),
(19, 26, 3, '2015-07-01', '2015-12-31', '2015-08-17 01:43:51', '2015-08-16 17:43:51'),
(20, 27, 15, '2015-07-01', '2015-12-31', '2015-08-17 01:43:51', '2015-08-16 17:43:51'),
(21, 28, 14, '2015-07-01', '2015-12-31', '2015-08-17 01:43:51', '2015-08-16 17:43:51'),
(22, 29, 4, '2015-07-01', '2015-12-31', '2015-08-17 01:43:51', '2015-08-16 17:43:51'),
(23, 30, 8, '2015-07-01', '2015-12-31', '2015-08-17 01:43:51', '2015-08-16 17:43:51'),
(24, 31, 4, '2015-07-01', '2015-12-31', '2015-08-17 01:43:51', '2015-08-16 17:43:51'),
(25, 32, 9, '2015-07-01', '2015-12-31', '2015-08-17 01:43:52', '2015-08-16 17:43:51'),
(26, 33, 4, '2015-07-01', '2015-12-31', '2015-08-17 01:43:52', '2015-08-16 17:43:52'),
(27, 34, 4, '2015-07-01', '2015-12-31', '2015-08-17 01:43:52', '2015-08-16 17:43:52'),
(28, 35, 4, '2015-07-01', '2015-12-31', '2015-08-17 01:43:52', '2015-08-16 17:43:52'),
(29, 36, 18, '2015-07-01', '2015-12-31', '2015-08-17 01:43:52', '2015-08-16 17:43:52'),
(30, 37, 4, '2015-07-01', '2015-12-31', '2015-08-17 01:43:52', '2015-08-16 17:43:52'),
(31, 38, 4, '2015-07-01', '2015-12-31', '2015-08-17 01:43:52', '2015-08-16 17:43:52'),
(32, 39, 4, '2015-07-01', '2015-12-31', '2015-08-17 01:43:52', '2015-08-16 17:43:52'),
(33, 40, 21, '2015-07-01', '2015-12-31', '2015-08-17 01:43:52', '2015-08-16 17:43:52'),
(34, 41, 4, '2015-07-01', '2015-12-31', '2015-08-17 01:43:52', '2015-08-16 17:43:52'),
(35, 42, 4, '2015-07-01', '2015-12-31', '2015-08-17 01:43:52', '2015-08-16 17:43:52'),
(36, 43, 4, '2015-07-01', '2015-12-31', '2015-08-17 01:43:52', '2015-08-16 17:43:52'),
(37, 44, 4, '2015-07-01', '2015-12-31', '2015-08-17 01:43:52', '2015-08-16 17:43:52'),
(38, 45, 4, '2015-07-01', '2015-12-31', '2015-08-17 01:43:52', '2015-08-16 17:43:52'),
(39, 46, 9, '2015-07-01', '2015-12-31', '2015-08-17 01:43:52', '2015-08-16 17:43:52'),
(40, 47, 18, '2015-07-01', '2015-12-31', '2015-08-17 01:43:52', '2015-08-16 17:43:52'),
(41, 48, 4, '2015-07-01', '2015-12-31', '2015-08-17 01:43:52', '2015-08-16 17:43:52'),
(42, 49, 21, '2015-07-01', '2015-12-31', '2015-08-17 01:43:52', '2015-08-16 17:43:52'),
(43, 51, 8, '2015-07-01', '2015-12-31', '2015-08-17 01:43:52', '2015-08-16 17:43:52'),
(44, 52, 10, '2015-07-01', '2015-12-31', '2015-08-17 01:43:52', '2015-08-16 17:43:52'),
(45, 66, 8, '2015-07-01', '2015-12-31', '2015-08-17 06:06:47', '0000-00-00 00:00:00'),
(46, 67, 4, '2015-07-01', '2015-12-31', '2015-08-17 06:07:39', '0000-00-00 00:00:00'),
(47, 68, 14, '2015-07-01', '2015-12-31', '2015-08-17 06:08:23', '0000-00-00 00:00:00'),
(48, 69, 10, '2015-07-01', '2015-12-31', '2015-08-17 06:08:54', '0000-00-00 00:00:00'),
(49, 70, 8, '2015-07-01', '2015-12-31', '2015-08-17 06:09:20', '0000-00-00 00:00:00'),
(50, 72, 4, '2015-07-01', '2015-12-31', '2015-08-17 06:10:21', '0000-00-00 00:00:00'),
(51, 73, 4, '2015-07-01', '2015-12-31', '2015-08-17 06:10:48', '0000-00-00 00:00:00'),
(52, 74, 19, '2015-07-01', '2015-12-31', '2015-08-17 06:11:32', '0000-00-00 00:00:00'),
(53, 71, 24, '2015-07-01', '2015-12-31', '2015-08-17 06:13:11', '0000-00-00 00:00:00'),
(54, 75, 10, '2015-07-01', '2015-12-31', '2015-08-17 06:13:53', '0000-00-00 00:00:00'),
(55, 76, 4, '2015-07-01', '2015-12-31', '2015-08-17 06:14:15', '0000-00-00 00:00:00');

-- --------------------------------------------------------

--
-- Table structure for table `employee_shift_days`
--

CREATE TABLE IF NOT EXISTS `employee_shift_days` (
`id` int(10) unsigned NOT NULL,
  `employee_shift_id` int(10) unsigned NOT NULL,
  `day` enum('mon','tue','wed','thu','fri','sat','sun') NOT NULL
) ENGINE=InnoDB DEFAULT CHARSET=latin1 AUTO_INCREMENT=1 ;

-- --------------------------------------------------------

--
-- Table structure for table `migrations`
--

CREATE TABLE IF NOT EXISTS `migrations` (
  `migration` varchar(255) COLLATE utf8_unicode_ci NOT NULL,
  `batch` int(11) NOT NULL
) ENGINE=InnoDB DEFAULT CHARSET=utf8 COLLATE=utf8_unicode_ci;

--
-- Dumping data for table `migrations`
--

INSERT INTO `migrations` (`migration`, `batch`) VALUES
('2014_10_12_000000_create_users_table', 1),
('2014_10_12_100000_create_password_resets_table', 1);

-- --------------------------------------------------------

--
-- Table structure for table `password_resets`
--

CREATE TABLE IF NOT EXISTS `password_resets` (
  `email` varchar(255) COLLATE utf8_unicode_ci NOT NULL,
  `token` varchar(255) COLLATE utf8_unicode_ci NOT NULL,
  `created_at` timestamp NOT NULL DEFAULT '0000-00-00 00:00:00'
) ENGINE=InnoDB DEFAULT CHARSET=utf8 COLLATE=utf8_unicode_ci;

-- --------------------------------------------------------

--
-- Table structure for table `shifts`
--

CREATE TABLE IF NOT EXISTS `shifts` (
`id` int(10) unsigned NOT NULL,
  `description` varchar(255) NOT NULL,
  `shift_from` time NOT NULL,
  `shift_to` time NOT NULL,
  `working_hours` time NOT NULL,
  `break` time NOT NULL,
  `created_at` timestamp NOT NULL DEFAULT CURRENT_TIMESTAMP ON UPDATE CURRENT_TIMESTAMP,
  `updated_at` timestamp NOT NULL DEFAULT '0000-00-00 00:00:00'
) ENGINE=InnoDB  DEFAULT CHARSET=latin1 AUTO_INCREMENT=25 ;

--
-- Dumping data for table `shifts`
--

INSERT INTO `shifts` (`id`, `description`, `shift_from`, `shift_to`, `working_hours`, `break`, `created_at`, `updated_at`) VALUES
(3, 'Shift 1', '09:00:00', '17:00:00', '08:00:00', '00:30:00', '2015-08-15 02:55:35', '0000-00-00 00:00:00'),
(4, 'Shift 2', '08:30:00', '17:30:00', '09:00:00', '01:30:00', '2015-08-15 02:55:35', '0000-00-00 00:00:00'),
(5, 'Shift 3', '22:00:00', '06:00:00', '08:00:00', '00:30:00', '2015-08-15 02:57:34', '0000-00-00 00:00:00'),
(6, 'Shift 4', '23:00:00', '08:00:00', '08:00:00', '00:30:00', '2015-08-15 02:57:34', '0000-00-00 00:00:00'),
(7, 'Shift 5', '14:00:00', '22:00:00', '08:00:00', '00:30:00', '2015-08-15 02:58:09', '0000-00-00 00:00:00'),
(8, 'Shift 6', '06:00:00', '14:00:00', '08:00:00', '00:30:00', '2015-08-15 03:00:06', '0000-00-00 00:00:00'),
(9, 'Shift 7', '10:00:00', '18:00:00', '08:00:00', '00:30:00', '2015-08-15 03:00:39', '0000-00-00 00:00:00'),
(10, 'Shift 8', '09:00:00', '18:00:00', '09:00:00', '01:30:00', '2015-08-15 03:01:13', '0000-00-00 00:00:00'),
(11, 'Shift 9', '07:00:00', '15:00:00', '08:00:00', '00:30:00', '2015-08-15 03:03:42', '0000-00-00 00:00:00'),
(12, 'Shift 10', '13:00:00', '21:00:00', '08:00:00', '00:30:00', '2015-08-15 03:14:36', '0000-00-00 00:00:00'),
(13, 'Shift 11', '00:00:00', '08:00:00', '08:00:00', '00:30:00', '2015-08-15 03:16:25', '0000-00-00 00:00:00'),
(14, 'Shift 12', '16:00:00', '00:00:00', '08:00:00', '00:30:00', '2015-08-15 03:17:39', '0000-00-00 00:00:00'),
(15, 'Shift 13', '16:00:00', '01:00:00', '09:00:00', '01:30:00', '2015-08-15 03:19:19', '0000-00-00 00:00:00'),
(17, 'Shift 14', '06:00:00', '15:00:00', '08:00:00', '00:30:00', '2015-08-15 04:00:13', '2015-08-14 19:59:56'),
(18, 'Shift 15', '08:00:00', '17:00:00', '09:00:00', '00:30:00', '2015-08-15 04:21:46', '2015-08-14 20:02:41'),
(19, 'Shift 16', '08:00:00', '16:00:00', '08:00:00', '00:30:00', '2015-08-15 04:22:45', '0000-00-00 00:00:00'),
(20, 'Shift 17', '07:00:00', '17:00:00', '09:00:00', '01:30:00', '2015-08-15 04:23:20', '0000-00-00 00:00:00'),
(21, 'Shift 18', '11:00:00', '19:00:00', '08:00:00', '00:30:00', '2015-08-15 04:24:04', '0000-00-00 00:00:00'),
(22, 'Shift 19', '10:00:00', '19:00:00', '08:00:00', '00:30:00', '2015-08-15 04:24:50', '0000-00-00 00:00:00'),
(23, 'Shift 20', '07:00:00', '16:00:00', '09:00:00', '01:30:00', '2015-08-15 11:04:58', '0000-00-00 00:00:00'),
(24, 'Shift 21', '05:00:00', '14:00:00', '08:00:00', '00:30:00', '2015-08-17 06:12:49', '2015-08-16 22:12:14');

-- --------------------------------------------------------

--
-- Table structure for table `users`
--

CREATE TABLE IF NOT EXISTS `users` (
`id` int(10) unsigned NOT NULL,
  `name` varchar(255) COLLATE utf8_unicode_ci NOT NULL,
  `email` varchar(255) COLLATE utf8_unicode_ci NOT NULL,
  `username` varchar(32) COLLATE utf8_unicode_ci NOT NULL,
  `password` varchar(60) COLLATE utf8_unicode_ci NOT NULL,
  `user_type` enum('admin') COLLATE utf8_unicode_ci NOT NULL,
  `remember_token` varchar(100) COLLATE utf8_unicode_ci DEFAULT NULL,
  `created_at` timestamp NOT NULL DEFAULT '0000-00-00 00:00:00',
  `updated_at` timestamp NOT NULL DEFAULT '0000-00-00 00:00:00'
) ENGINE=InnoDB  DEFAULT CHARSET=utf8 COLLATE=utf8_unicode_ci AUTO_INCREMENT=9 ;

--
-- Dumping data for table `users`
--

INSERT INTO `users` (`id`, `name`, `email`, `username`, `password`, `user_type`, `remember_token`, `created_at`, `updated_at`) VALUES
(7, 'Rosemale-John II C. Villacorta', 'rosemalejohn@gmail.com', 'rosemalejohn', '$2y$10$FuqYG4eDr6kTW00RwvWVJ.EHPPkVrOO273CQ7mRROIRYSBVZ9NrPG', 'admin', 'vrPnS5g5bhuYvLYFQlnfMlYHC0gx74VXCUG2hasoyrMndIORipoqoVrk8tuF', '2015-08-14 23:34:32', '2015-08-16 22:24:46');

--
-- Indexes for dumped tables
--

--
-- Indexes for table `departments`
--
ALTER TABLE `departments`
 ADD PRIMARY KEY (`id`);

--
-- Indexes for table `employees`
--
ALTER TABLE `employees`
 ADD PRIMARY KEY (`id`), ADD UNIQUE KEY `employee_id` (`employee_id`), ADD KEY `department_id` (`department_id`);

--
-- Indexes for table `employee_dtr`
--
ALTER TABLE `employee_dtr`
 ADD PRIMARY KEY (`id`), ADD KEY `employee_id` (`employee_id`);

--
-- Indexes for table `employee_shifts`
--
ALTER TABLE `employee_shifts`
 ADD PRIMARY KEY (`id`), ADD KEY `employee_id` (`employee_id`), ADD KEY `shift_id` (`shift_id`);

--
-- Indexes for table `employee_shift_days`
--
ALTER TABLE `employee_shift_days`
 ADD PRIMARY KEY (`id`), ADD KEY `employee_shift_id` (`employee_shift_id`);

--
-- Indexes for table `password_resets`
--
ALTER TABLE `password_resets`
 ADD KEY `password_resets_email_index` (`email`), ADD KEY `password_resets_token_index` (`token`);

--
-- Indexes for table `shifts`
--
ALTER TABLE `shifts`
 ADD PRIMARY KEY (`id`);

--
-- Indexes for table `users`
--
ALTER TABLE `users`
 ADD PRIMARY KEY (`id`), ADD UNIQUE KEY `users_email_unique` (`email`), ADD UNIQUE KEY `username` (`username`);

--
-- AUTO_INCREMENT for dumped tables
--

--
-- AUTO_INCREMENT for table `departments`
--
ALTER TABLE `departments`
MODIFY `id` int(10) unsigned NOT NULL AUTO_INCREMENT,AUTO_INCREMENT=10;
--
-- AUTO_INCREMENT for table `employees`
--
ALTER TABLE `employees`
MODIFY `id` int(10) unsigned NOT NULL AUTO_INCREMENT,AUTO_INCREMENT=77;
--
-- AUTO_INCREMENT for table `employee_dtr`
--
ALTER TABLE `employee_dtr`
MODIFY `id` int(10) unsigned NOT NULL AUTO_INCREMENT,AUTO_INCREMENT=2722;
--
-- AUTO_INCREMENT for table `employee_shifts`
--
ALTER TABLE `employee_shifts`
MODIFY `id` int(10) unsigned NOT NULL AUTO_INCREMENT,AUTO_INCREMENT=57;
--
-- AUTO_INCREMENT for table `employee_shift_days`
--
ALTER TABLE `employee_shift_days`
MODIFY `id` int(10) unsigned NOT NULL AUTO_INCREMENT;
--
-- AUTO_INCREMENT for table `shifts`
--
ALTER TABLE `shifts`
MODIFY `id` int(10) unsigned NOT NULL AUTO_INCREMENT,AUTO_INCREMENT=25;
--
-- AUTO_INCREMENT for table `users`
--
ALTER TABLE `users`
MODIFY `id` int(10) unsigned NOT NULL AUTO_INCREMENT,AUTO_INCREMENT=9;
--
-- Constraints for dumped tables
--

--
-- Constraints for table `employees`
--
ALTER TABLE `employees`
ADD CONSTRAINT `employees_ibfk_1` FOREIGN KEY (`department_id`) REFERENCES `departments` (`id`) ON DELETE CASCADE ON UPDATE CASCADE;

--
-- Constraints for table `employee_dtr`
--
ALTER TABLE `employee_dtr`
ADD CONSTRAINT `employee_dtr_ibfk_1` FOREIGN KEY (`employee_id`) REFERENCES `employees` (`employee_id`) ON DELETE CASCADE ON UPDATE CASCADE;

--
-- Constraints for table `employee_shifts`
--
ALTER TABLE `employee_shifts`
ADD CONSTRAINT `employee_shifts_ibfk_1` FOREIGN KEY (`employee_id`) REFERENCES `employees` (`id`) ON DELETE CASCADE ON UPDATE CASCADE,
ADD CONSTRAINT `employee_shifts_ibfk_2` FOREIGN KEY (`shift_id`) REFERENCES `shifts` (`id`) ON DELETE CASCADE ON UPDATE CASCADE;

--
-- Constraints for table `employee_shift_days`
--
ALTER TABLE `employee_shift_days`
ADD CONSTRAINT `employee_shift_days_ibfk_1` FOREIGN KEY (`employee_shift_id`) REFERENCES `employee_shifts` (`id`) ON DELETE CASCADE ON UPDATE CASCADE;

/*!40101 SET CHARACTER_SET_CLIENT=@OLD_CHARACTER_SET_CLIENT */;
/*!40101 SET CHARACTER_SET_RESULTS=@OLD_CHARACTER_SET_RESULTS */;
/*!40101 SET COLLATION_CONNECTION=@OLD_COLLATION_CONNECTION */;
