-- phpMyAdmin SQL Dump
-- version 4.2.11
-- http://www.phpmyadmin.net
--
-- Host: 127.0.0.1
-- Generation Time: Oct 01, 2015 at 08:59 AM
-- Server version: 5.6.21
-- PHP Version: 5.6.3

SET SQL_MODE = "NO_AUTO_VALUE_ON_ZERO";
SET time_zone = "+00:00";


/*!40101 SET @OLD_CHARACTER_SET_CLIENT=@@CHARACTER_SET_CLIENT */;
/*!40101 SET @OLD_CHARACTER_SET_RESULTS=@@CHARACTER_SET_RESULTS */;
/*!40101 SET @OLD_COLLATION_CONNECTION=@@COLLATION_CONNECTION */;
/*!40101 SET NAMES utf8 */;

--
-- Database: `hpo-hris`
--

-- --------------------------------------------------------

--
-- Table structure for table `departments`
--

CREATE TABLE IF NOT EXISTS `departments` (
`id` int(10) unsigned NOT NULL,
  `department_code` varchar(10) NOT NULL,
  `name` varchar(100) NOT NULL,
  `description` varchar(255) NOT NULL,
  `created_at` timestamp NOT NULL DEFAULT CURRENT_TIMESTAMP ON UPDATE CURRENT_TIMESTAMP,
  `updated_at` timestamp NOT NULL DEFAULT '0000-00-00 00:00:00'
) ENGINE=InnoDB AUTO_INCREMENT=11 DEFAULT CHARSET=latin1;

--
-- Dumping data for table `departments`
--

INSERT INTO `departments` (`id`, `department_code`, `name`, `description`, `created_at`, `updated_at`) VALUES
(1, 'WebDev', 'Web Development', 'Web Developers, Software Devs, Mobile Devs', '2015-08-05 06:31:05', '0000-00-00 00:00:00'),
(2, 'ADMIN', 'Administration', 'Admin office staffs', '2015-08-28 01:01:28', '2015-08-27 17:01:28'),
(3, 'SysAd', 'System Administrator', 'Maintains technical problems', '2015-08-08 00:07:38', '2015-08-08 00:07:38'),
(4, 'Sales&Mar', 'Sales and Marketing', '', '2015-08-08 06:15:58', '2015-08-08 06:15:58'),
(5, 'QA', 'Quality Assurance', '', '2015-08-08 06:17:12', '2015-08-08 06:17:12'),
(6, 'ENGAGEIQ', 'Engage IQ', 'Sample ', '2015-08-15 07:14:27', '2015-08-14 23:14:27'),
(7, 'Creative', 'Creative', '', '2015-08-14 23:11:01', '2015-08-14 23:11:01'),
(8, 'PMO', 'PMO', '', '2015-08-14 23:13:05', '2015-08-14 23:13:05'),
(9, 'IM', 'IM', '', '2015-08-14 23:15:54', '2015-08-14 23:15:54'),
(10, 'KSI', 'Kinetique', '', '2015-08-27 07:06:47', '2015-08-26 23:06:47');

-- --------------------------------------------------------

--
-- Table structure for table `employees`
--

CREATE TABLE IF NOT EXISTS `employees` (
`id` int(10) unsigned NOT NULL,
  `employee_id` varchar(11) NOT NULL,
  `first_name` varchar(45) NOT NULL,
  `middle_name` varchar(45) DEFAULT NULL,
  `last_name` varchar(45) NOT NULL,
  `status` enum('1','0') NOT NULL DEFAULT '1',
  `department_id` int(10) unsigned NOT NULL,
  `created_at` timestamp NOT NULL DEFAULT CURRENT_TIMESTAMP ON UPDATE CURRENT_TIMESTAMP,
  `updated_at` timestamp NOT NULL DEFAULT '0000-00-00 00:00:00'
) ENGINE=InnoDB AUTO_INCREMENT=94 DEFAULT CHARSET=latin1;

--
-- Dumping data for table `employees`
--

INSERT INTO `employees` (`id`, `employee_id`, `first_name`, `middle_name`, `last_name`, `status`, `department_id`, `created_at`, `updated_at`) VALUES
(1, '802005', 'Leonardo Jr.', 'Alcantara', 'Galos', '1', 3, '2015-08-15 07:09:13', '2015-08-14 23:09:13'),
(2, '805067', 'Romeo Jr.', 'Ibañez', 'Mangaya-ay', '1', 1, '2015-08-14 17:56:56', '2015-08-14 17:56:56'),
(3, '810079', 'Ali ', 'Calderon', 'Mofan ', '1', 3, '2015-08-15 07:08:50', '2015-08-14 23:08:50'),
(4, '410001', 'Juan Paulo', 'Santos ', 'Saravia', '1', 4, '2015-08-15 07:08:25', '2015-08-14 23:08:25'),
(5, '506001', 'Gene Voltaire', 'Acuesta', 'Dequito', '1', 1, '2015-08-14 17:56:56', '2015-08-14 17:56:56'),
(6, '702003', 'Ares', 'Lacap', 'Cabahug', '1', 7, '2015-08-15 07:11:35', '2015-08-14 23:11:35'),
(7, '706009', 'Roque Jay', 'Lampios', 'Maneja', '1', 7, '2015-08-15 07:11:23', '2015-08-14 23:11:23'),
(8, '710026', 'Enrico Rafael', 'De Jesus', 'Macaraig', '1', 7, '2015-08-15 07:12:40', '2015-08-14 23:12:40'),
(9, '801002', 'Rea May', 'Apita', 'Fuentes', '1', 9, '2015-08-15 07:16:26', '2015-08-14 23:16:26'),
(10, '801001', 'Daniel', 'Intong', 'Revil', '1', 7, '2015-08-15 07:11:12', '2015-08-14 23:11:12'),
(11, '806048', 'Dennis', 'Semilla', 'Lucero', '1', 2, '2015-08-15 07:09:29', '2015-08-14 23:09:29'),
(12, '811086', 'Queency', 'Panisal', 'Alfante', '1', 9, '2015-08-15 07:16:37', '2015-08-14 23:16:37'),
(13, '904061', 'Elaine Ingrid', 'Neri', 'Manlangit', '1', 2, '2015-08-15 07:09:58', '2015-08-14 23:09:58'),
(14, '911131', 'Aaron Paul', 'Tito', 'Duhaylungsod', '1', 9, '2015-08-15 07:18:19', '2015-08-14 23:18:19'),
(15, '1006041', 'April Rose ', 'Relampagos', 'Alforque', '1', 2, '2015-08-15 07:09:43', '2015-08-14 23:09:43'),
(16, '1010062', 'Rian Ree', 'Patron', 'Barrientos', '1', 6, '2015-10-01 06:11:26', '2015-09-30 22:11:26'),
(17, '1101010', 'Jose Bernard', 'Pond', 'Sevilla', '1', 9, '2015-08-15 07:17:20', '2015-08-14 23:17:20'),
(18, '1104022', 'Dann Robert', 'Tan', 'Yu', '1', 6, '2015-08-15 07:14:17', '2015-08-14 23:14:17'),
(19, '1108042', 'John Cesar', 'Enriquez', 'Manlangit', '1', 6, '2015-10-01 06:21:27', '2015-09-30 22:21:27'),
(20, '1109044', 'Anna Liza', 'Doro-on', 'Masangkay', '1', 8, '2015-08-15 07:13:32', '2015-08-14 23:13:32'),
(21, '1103018', 'Montgomery', 'Cabillan', 'Magbanua', '1', 6, '2015-08-15 07:14:52', '2015-08-14 23:14:52'),
(22, '1203008', 'Jhecyl Mae', 'Arias', 'Cuevas', '1', 9, '2015-08-15 07:17:52', '2015-08-14 23:17:52'),
(23, '1203014', 'Craig John', 'Castañeda', 'Neniel', '1', 9, '2015-08-15 07:16:54', '2015-08-14 23:16:54'),
(24, '1203020', 'Carlo Franco', 'Bayani', 'Lozano', '1', 5, '2015-08-15 07:07:35', '2015-08-14 23:07:35'),
(25, '1203026', 'Jessa Mae', 'Calamba', 'Deloy', '1', 6, '2015-08-15 07:15:37', '2015-08-14 23:15:37'),
(26, '1203029', 'Ma. Louiselle', 'Digamon', 'Jose', '1', 9, '2015-08-15 07:16:10', '2015-08-14 23:16:10'),
(27, '1203035', 'Brylle', 'Duco', 'Seraspe', '1', 1, '2015-08-14 17:56:57', '2015-08-14 17:56:57'),
(28, '1203036', 'Mark', 'Billones', 'Tacatani', '1', 8, '2015-08-15 07:13:56', '2015-08-14 23:13:56'),
(29, '1203042', 'Jayson', 'Miparanum', 'Aso', '1', 9, '2015-08-15 07:16:46', '2015-08-14 23:16:46'),
(30, '1203049', 'Ariel', 'Cacanog', 'Magbanua', '1', 6, '2015-10-01 06:19:48', '2015-09-30 22:19:48'),
(31, '1203050', 'Reu Salvy', 'Sagmit', 'Delima', '1', 9, '2015-08-15 07:18:07', '2015-08-14 23:18:07'),
(32, '1203056', 'Michael Angelo', 'Giducos', 'Leones', '1', 2, '2015-08-15 07:10:29', '2015-08-14 23:10:29'),
(33, '1203064', 'Jake', 'Velasco', 'Duldulao', '1', 1, '2015-08-14 17:56:57', '2015-08-14 17:56:57'),
(34, '1203069', 'Reynand', 'Dulay', 'Collado', '1', 9, '2015-08-15 07:18:34', '2015-08-14 23:18:34'),
(35, '1203072', 'Ivy Frances', 'Sarsalejo', 'Labitan', '1', 9, '2015-08-15 07:17:09', '2015-08-14 23:17:09'),
(36, '1203080', 'Donna Mae', 'Quitong', 'Tabuno', '1', 3, '2015-08-15 07:08:59', '2015-08-14 23:08:59'),
(37, '1203082', 'Olive', 'Nazareno', 'Sumampong', '1', 2, '2015-08-15 07:10:12', '2015-08-14 23:10:12'),
(38, '1203085', 'Daniel', 'Rubiato', 'Laurel', '1', 1, '2015-08-14 17:56:57', '2015-08-14 17:56:57'),
(39, '1203089', 'Chiara', 'Bangoy', 'Patrimonio', '1', 8, '2015-08-15 07:13:17', '2015-08-14 23:13:17'),
(40, '1203090', 'Melvin Rey', 'Antiquin', 'Basco', '1', 7, '2015-08-15 07:11:51', '2015-08-14 23:11:51'),
(41, '1203091', 'Dexter Ken', 'Nerosa', 'Candia', '1', 6, '2015-10-01 06:04:15', '2015-09-30 22:04:15'),
(42, '1203094', 'Rika Joahnah', 'Fiel', 'Sison', '1', 8, '2015-08-15 07:14:06', '2015-08-14 23:14:06'),
(43, '1203107', 'Jayvee', 'Rizon', 'Sumande', '1', 6, '2015-10-01 06:09:47', '2015-09-30 22:09:47'),
(44, '1203110', 'Johneil', 'Celestial', 'Quijano', '1', 1, '2015-08-14 17:56:58', '2015-08-14 17:56:58'),
(45, '1203120', 'Julius Ryan', 'Arboleda', 'Paches', '1', 1, '2015-08-14 17:56:58', '2015-08-14 17:56:58'),
(46, '1203126', 'Ma. Luisa Andrea', 'Quillo', 'Coloso', '1', 6, '2015-08-15 07:15:23', '2015-08-14 23:15:23'),
(47, '140502', 'Nepthaly', 'Caro', 'Talavera', '1', 2, '2015-08-19 04:51:13', '2015-08-18 20:51:13'),
(48, '140702', 'Hazel Love', 'Coloma', 'Rosales', '1', 8, '2015-08-15 07:13:43', '2015-08-14 23:13:43'),
(49, '140902', 'Arriz', 'Divinagracia', 'San Juan', '1', 7, '2015-08-15 07:12:15', '2015-08-14 23:12:15'),
(50, '140903', 'Edward John', 'Paglinawan', 'Diola', '1', 7, '2015-08-15 07:12:02', '2015-08-14 23:12:02'),
(51, '140904', 'Gerard Albert', 'Pimentel', 'Cañada', '1', 6, '2015-08-15 07:15:07', '2015-08-14 23:15:07'),
(52, '140905', 'Patrick Angelo', 'Galve', 'Cameguing', '1', 1, '2015-08-14 17:56:58', '2015-08-14 17:56:58'),
(66, '141002', 'Karla', '', 'Librero', '1', 6, '2015-10-01 04:49:38', '2015-09-30 20:49:38'),
(67, '141103', 'Dave Francis', 'Mansilita', 'Cancio', '1', 9, '2015-08-17 04:54:33', '2015-08-16 20:54:33'),
(68, '150102', 'Michael Angelo', 'Omero', 'Tarongoy', '1', 1, '2015-08-16 19:39:48', '2015-08-16 19:39:48'),
(69, '150103', 'Edward Jonathan ', 'Opinion', 'Potot', '1', 8, '2015-08-17 04:55:19', '2015-08-16 20:55:19'),
(70, '150401', 'Marwil', 'Yder', 'Burton', '1', 6, '2015-08-17 04:55:51', '2015-08-16 20:55:51'),
(71, '150403', 'Norgen', 'Balo', 'Tapel', '1', 9, '2015-08-17 04:56:18', '2015-08-16 20:56:18'),
(72, '150501', 'Javin Jet', 'Agustin', 'Tevar', '1', 4, '2015-08-17 04:56:42', '2015-08-16 20:56:42'),
(73, '150502', 'Juan Basilio', 'Teves', 'Espinoza', '1', 9, '2015-08-17 04:57:05', '2015-08-16 20:57:05'),
(74, '150503', 'Xander John', 'Mina', 'Dacyon', '1', 6, '2015-10-01 05:25:45', '2015-09-30 21:25:45'),
(75, '150506', 'John Jason', 'Marquez', 'Baladiang', '1', 1, '2015-08-16 19:39:48', '2015-08-16 19:39:48'),
(76, '150807', 'Vincent Jake', '', 'Calag', '1', 1, '2015-10-01 04:41:03', '2015-09-30 20:41:03'),
(77, '150702', 'Rehmard', 'R.', 'Butad', '1', 10, '2015-08-26 03:19:41', '2015-08-25 19:19:41'),
(78, '150703', 'Arbill', 'L', 'Aque', '1', 10, '2015-08-26 03:20:37', '2015-08-25 19:20:37'),
(79, '150704', 'Kathyren', 'B.', 'Olario', '1', 10, '2015-08-26 03:21:05', '2015-08-25 19:21:05'),
(80, '150705', 'Joval', '', 'Yu', '1', 10, '2015-08-26 05:44:15', '2015-08-25 21:44:15'),
(81, '150706', 'Bon Jovie', '', 'Cueva', '1', 10, '2015-08-26 03:21:13', '2015-08-25 19:21:13'),
(82, '150707', 'Madison ', '', 'Amispero', '1', 10, '2015-08-26 03:21:19', '2015-08-25 19:21:19'),
(83, '150708', 'Lendon', 'B', 'Sales', '1', 10, '2015-08-26 03:21:24', '2015-08-25 19:21:24'),
(84, '150709', 'Drex Maurice', 'M', 'Reyes', '1', 10, '2015-08-26 03:21:31', '2015-08-25 19:21:31'),
(85, '150710', 'Bienvenido', '', 'Omosura', '1', 10, '2015-08-26 03:21:37', '2015-08-25 19:21:37'),
(86, '150711', 'Anjo', 'A', 'Antoque', '1', 10, '2015-08-26 03:21:45', '2015-08-25 19:21:45'),
(87, '150712', 'Taryan Gail', 'A', 'Bantugan ', '1', 10, '2015-08-26 03:21:49', '2015-08-25 19:21:49'),
(88, '150714', 'Charles Gil', 'P', 'Daitol', '1', 10, '2015-08-26 05:24:14', '2015-08-25 21:24:14'),
(89, '150715', 'Noel', '', 'Dacara', '1', 10, '2015-08-26 05:24:34', '2015-08-25 21:24:34'),
(90, '150713', 'Moises Carlo', 'M', 'Echavez', '1', 10, '2015-08-26 05:41:12', '2015-08-25 21:41:12'),
(91, '150701', 'Alfonso', '', 'Torres', '1', 10, '2015-08-25 21:39:09', '2015-08-25 21:39:09'),
(92, '150902', 'Kenny', 'Geronemo', 'Amper', '1', 1, '2015-09-30 21:45:44', '2015-09-30 21:45:44'),
(93, '150901', 'Lex Marion', '', 'Bataller', '1', 1, '2015-09-30 22:24:26', '2015-09-30 22:24:26');

-- --------------------------------------------------------

--
-- Table structure for table `employee_dtr`
--

CREATE TABLE IF NOT EXISTS `employee_dtr` (
`id` int(10) unsigned NOT NULL,
  `employee_id` varchar(11) NOT NULL,
  `start_of_duty` datetime DEFAULT NULL,
  `first_out` datetime DEFAULT NULL,
  `first_in` datetime DEFAULT NULL,
  `second_out` datetime DEFAULT NULL,
  `second_in` datetime DEFAULT NULL,
  `third_out` datetime DEFAULT NULL,
  `third_in` datetime DEFAULT NULL,
  `end_of_duty` datetime DEFAULT NULL,
  `undertime` time NOT NULL DEFAULT '00:00:00',
  `late` time NOT NULL DEFAULT '00:00:00',
  `overbreak` time NOT NULL DEFAULT '00:00:00',
  `remarks` varchar(25) DEFAULT NULL,
  `shift_id` int(10) unsigned NOT NULL
) ENGINE=InnoDB AUTO_INCREMENT=4834 DEFAULT CHARSET=latin1;

-- --------------------------------------------------------

--
-- Table structure for table `employee_shifts`
--

CREATE TABLE IF NOT EXISTS `employee_shifts` (
`id` int(10) unsigned NOT NULL,
  `employee_id` int(11) unsigned NOT NULL,
  `shift_id` int(11) unsigned NOT NULL,
  `date_from` date DEFAULT NULL,
  `date_to` date DEFAULT NULL,
  `created_at` timestamp NOT NULL DEFAULT CURRENT_TIMESTAMP ON UPDATE CURRENT_TIMESTAMP,
  `updated_at` timestamp NOT NULL DEFAULT '0000-00-00 00:00:00'
) ENGINE=InnoDB AUTO_INCREMENT=159 DEFAULT CHARSET=latin1;

--
-- Dumping data for table `employee_shifts`
--

INSERT INTO `employee_shifts` (`id`, `employee_id`, `shift_id`, `date_from`, `date_to`, `created_at`, `updated_at`) VALUES
(1, 1, 7, '2015-07-01', '2015-12-31', '2015-08-15 11:29:46', '0000-00-00 00:00:00'),
(2, 3, 9, '2015-07-01', '2015-12-31', '2015-08-15 11:31:25', '0000-00-00 00:00:00'),
(3, 4, 21, '2015-07-01', '2015-12-31', '2015-08-17 01:43:51', '2015-08-16 17:43:51'),
(4, 5, 9, '2015-07-01', '2015-12-31', '2015-08-17 01:43:51', '2015-08-16 17:43:51'),
(5, 6, 14, '2015-07-01', '2015-12-31', '2015-10-01 06:10:22', '2015-09-30 22:10:22'),
(6, 7, 4, '2015-07-01', '2015-12-31', '2015-08-17 01:43:51', '2015-08-16 17:43:51'),
(7, 8, 14, '2015-07-01', '2015-12-31', '2015-10-01 06:14:29', '2015-09-30 22:14:29'),
(10, 11, 9, '2015-07-01', '2015-12-31', '2015-08-17 01:43:51', '2015-08-16 17:43:51'),
(12, 13, 18, '2015-07-01', '2015-12-31', '2015-08-18 06:18:34', '2015-08-17 22:18:34'),
(13, 20, 4, '2015-07-01', '2015-12-31', '2015-08-17 01:43:51', '2015-08-16 17:43:51'),
(16, 23, 4, '2015-07-01', '2015-12-31', '2015-08-17 01:43:51', '2015-08-16 17:43:51'),
(17, 24, 24, '2015-07-01', '2015-12-31', '2015-10-01 06:18:42', '2015-09-30 22:18:42'),
(20, 27, 15, '2015-07-01', '2015-12-31', '2015-08-17 01:43:51', '2015-08-16 17:43:51'),
(21, 28, 14, '2015-07-01', '2015-12-31', '2015-08-17 01:43:51', '2015-08-16 17:43:51'),
(22, 29, 4, '2015-07-01', '2015-12-31', '2015-08-17 01:43:51', '2015-08-16 17:43:51'),
(24, 31, 4, '2015-07-01', '2015-12-31', '2015-08-27 01:28:06', '2015-08-26 17:28:06'),
(25, 32, 9, '2015-07-01', '2015-12-31', '2015-08-17 01:43:52', '2015-08-16 17:43:51'),
(26, 33, 4, '2015-07-01', '2015-12-31', '2015-08-17 01:43:52', '2015-08-16 17:43:52'),
(27, 34, 4, '2015-07-01', '2015-12-31', '2015-08-17 01:43:52', '2015-08-16 17:43:52'),
(28, 35, 4, '2015-07-01', '2015-12-31', '2015-08-17 01:43:52', '2015-08-16 17:43:52'),
(29, 36, 18, '2015-07-01', '2015-12-31', '2015-08-17 01:43:52', '2015-08-16 17:43:52'),
(30, 37, 4, '2015-07-01', '2015-12-31', '2015-08-17 01:43:52', '2015-08-16 17:43:52'),
(31, 38, 4, '2015-09-01', '2015-09-23', '2015-10-01 06:19:33', '2015-09-30 22:19:33'),
(32, 39, 4, '2015-07-01', '2015-12-31', '2015-08-17 01:43:52', '2015-08-16 17:43:52'),
(34, 41, 27, '2015-09-01', '2015-12-31', '2015-10-01 06:01:21', '2015-09-30 22:01:21'),
(35, 42, 4, '2015-07-01', '2015-12-31', '2015-08-17 01:43:52', '2015-08-16 17:43:52'),
(36, 43, 8, '2015-07-01', '2015-12-31', '2015-10-01 06:08:46', '2015-09-30 22:08:46'),
(37, 44, 4, '2015-07-01', '2015-12-31', '2015-08-17 01:43:52', '2015-08-16 17:43:52'),
(38, 45, 4, '2015-07-01', '2015-12-31', '2015-08-17 01:43:52', '2015-08-16 17:43:52'),
(39, 46, 9, '2015-07-01', '2015-12-31', '2015-08-17 01:43:52', '2015-08-16 17:43:52'),
(40, 47, 18, '2015-07-01', '2015-12-31', '2015-08-18 05:27:49', '2015-08-17 21:27:49'),
(41, 48, 4, '2015-07-01', '2015-12-31', '2015-08-17 01:43:52', '2015-08-16 17:43:52'),
(42, 49, 7, '2015-07-01', '2015-12-31', '2015-10-01 06:00:35', '2015-09-30 22:00:35'),
(44, 52, 10, '2015-07-01', '2015-12-31', '2015-08-17 01:43:52', '2015-08-16 17:43:52'),
(45, 66, 8, '2015-07-01', '2015-12-31', '2015-08-17 06:06:47', '0000-00-00 00:00:00'),
(46, 67, 4, '2015-07-01', '2015-08-03', '2015-08-20 05:52:10', '2015-08-19 21:52:10'),
(47, 68, 14, '2015-07-01', '2015-12-31', '2015-08-17 06:08:23', '0000-00-00 00:00:00'),
(48, 69, 10, '2015-07-01', '2015-12-31', '2015-08-17 06:08:54', '0000-00-00 00:00:00'),
(50, 72, 4, '2015-07-01', '2015-12-31', '2015-08-17 06:10:21', '0000-00-00 00:00:00'),
(51, 73, 4, '2015-07-01', '2015-12-31', '2015-08-17 06:10:48', '0000-00-00 00:00:00'),
(52, 74, 27, '2015-07-01', '2015-12-31', '2015-10-01 06:12:03', '2015-09-30 22:12:03'),
(53, 71, 33, '2015-07-01', '2015-12-31', '2015-10-01 06:09:24', '2015-09-30 22:09:24'),
(54, 75, 10, '2015-07-01', '2015-12-31', '2015-08-17 06:13:53', '0000-00-00 00:00:00'),
(57, 15, 10, '2015-07-01', '2015-12-31', '2015-08-18 04:39:44', '0000-00-00 00:00:00'),
(60, 18, 19, '2015-09-01', '2015-12-31', '2015-10-01 05:59:30', '2015-09-30 21:59:30'),
(61, 19, 27, '2015-07-01', '2015-12-31', '2015-10-01 06:20:31', '2015-09-30 22:20:31'),
(62, 50, 5, '2015-07-01', '2015-12-31', '2015-10-01 05:58:09', '2015-09-30 21:58:09'),
(74, 66, 28, '2015-07-01', '2015-12-31', '2015-10-01 06:07:35', '2015-09-30 22:07:35'),
(75, 66, 27, '2015-07-01', '2015-12-31', '2015-08-20 02:24:53', '0000-00-00 00:00:00'),
(85, 67, 8, '2015-08-04', '2015-08-28', '2015-08-20 05:52:54', '0000-00-00 00:00:00'),
(90, 35, 19, '2015-08-14', '2015-08-14', '2015-08-20 06:24:22', '0000-00-00 00:00:00'),
(94, 7, 14, '2015-08-12', '2015-12-31', '2015-08-20 06:44:06', '0000-00-00 00:00:00'),
(95, 19, 11, '2015-08-12', '2015-12-31', '2015-10-01 06:20:53', '2015-09-30 22:20:53'),
(96, 68, 14, '2015-08-03', '2015-08-31', '2015-08-20 07:17:29', '0000-00-00 00:00:00'),
(97, 39, 32, '2015-08-12', '2015-08-12', '2015-08-20 07:22:37', '0000-00-00 00:00:00'),
(98, 39, 12, '2015-08-13', '2015-08-31', '2015-08-20 07:23:39', '0000-00-00 00:00:00'),
(99, 74, 8, '2015-09-01', '2015-12-31', '2015-10-01 06:12:39', '2015-09-30 22:12:39'),
(100, 74, 28, '2015-09-01', '2015-12-31', '2015-10-01 06:13:18', '2015-09-30 22:13:18'),
(101, 77, 10, '2015-07-01', '2015-12-31', '2015-08-26 02:53:59', '0000-00-00 00:00:00'),
(102, 79, 10, '2015-07-01', '2015-12-31', '2015-08-26 03:04:11', '0000-00-00 00:00:00'),
(103, 81, 10, '2015-07-01', '2015-12-31', '2015-08-26 03:15:21', '2015-08-25 19:15:21'),
(104, 82, 10, '2015-07-01', '2015-12-31', '2015-08-26 03:04:58', '2015-08-25 19:04:58'),
(105, 83, 10, '2015-07-01', '2015-12-31', '2015-08-26 03:05:20', '0000-00-00 00:00:00'),
(106, 84, 10, '2015-07-01', '2015-12-31', '2015-08-26 03:05:37', '0000-00-00 00:00:00'),
(107, 85, 10, '2015-07-01', '2015-12-31', '2015-08-26 03:05:56', '0000-00-00 00:00:00'),
(108, 86, 10, '2015-07-01', '2015-12-31', '2015-08-26 03:06:14', '0000-00-00 00:00:00'),
(109, 87, 10, '2015-07-01', '2015-12-31', '2015-08-26 03:06:31', '0000-00-00 00:00:00'),
(111, 78, 10, '2015-07-01', '2015-12-31', '2015-08-26 03:08:16', '0000-00-00 00:00:00'),
(112, 88, 10, '2015-07-01', '2015-12-31', '2015-08-26 05:21:39', '0000-00-00 00:00:00'),
(113, 89, 10, '2015-07-01', '2015-12-31', '2015-08-26 05:22:03', '0000-00-00 00:00:00'),
(114, 90, 10, '2015-07-01', '2015-12-31', '2015-08-26 05:22:18', '0000-00-00 00:00:00'),
(115, 91, 10, '2015-07-01', '2015-12-31', '2015-08-26 05:39:30', '0000-00-00 00:00:00'),
(116, 80, 10, '2015-07-01', '2015-12-31', '2015-08-26 05:44:44', '0000-00-00 00:00:00'),
(120, 30, 27, '2015-08-01', '2015-12-31', '2015-10-01 06:14:01', '2015-09-30 22:14:01'),
(121, 30, 11, '2015-08-01', '2015-12-31', '2015-10-01 06:15:20', '2015-09-30 22:15:20'),
(122, 30, 29, '2015-08-01', '2015-12-31', '2015-10-01 06:18:59', '2015-09-30 22:18:59'),
(123, 70, 27, '2015-08-01', '2015-12-31', '2015-10-01 06:05:00', '2015-09-30 22:05:00'),
(124, 70, 8, '2015-08-01', '2015-12-31', '2015-10-01 06:05:26', '2015-09-30 22:05:26'),
(125, 70, 28, '2015-08-01', '2015-12-31', '2015-10-01 06:05:55', '2015-09-30 22:05:55'),
(126, 51, 27, '2015-08-01', '2015-09-30', '2015-08-28 08:44:01', '0000-00-00 00:00:00'),
(127, 51, 8, '2015-08-01', '2015-09-30', '2015-08-28 08:44:19', '0000-00-00 00:00:00'),
(128, 51, 26, '2015-08-01', '2015-09-30', '2015-08-28 08:44:37', '0000-00-00 00:00:00'),
(129, 16, 27, '2015-08-01', '2015-12-31', '2015-10-01 06:10:22', '2015-09-30 22:10:22'),
(130, 16, 8, '2015-08-01', '2015-12-31', '2015-10-01 06:10:40', '2015-09-30 22:10:40'),
(131, 16, 28, '2015-08-01', '2015-12-31', '2015-10-01 06:11:18', '2015-09-30 22:11:18'),
(133, 25, 4, '2015-08-01', '2015-12-31', '2015-10-01 06:17:05', '2015-09-30 22:17:05'),
(134, 26, 33, '2015-08-01', '2015-12-31', '2015-09-01 05:46:13', '0000-00-00 00:00:00'),
(135, 10, 33, '2015-08-01', '2015-12-31', '2015-09-01 05:46:53', '0000-00-00 00:00:00'),
(136, 9, 33, '2015-08-01', '2015-12-31', '2015-09-01 05:47:19', '0000-00-00 00:00:00'),
(137, 14, 33, '2015-08-01', '2015-12-31', '2015-09-01 05:47:50', '0000-00-00 00:00:00'),
(138, 17, 33, '2015-08-01', '2015-12-31', '2015-09-01 05:48:38', '0000-00-00 00:00:00'),
(139, 12, 33, '2015-08-01', '2015-12-31', '2015-09-01 05:49:23', '0000-00-00 00:00:00'),
(140, 76, 5, '2015-09-01', '2015-12-31', '2015-10-01 04:42:24', '0000-00-00 00:00:00'),
(141, 67, 4, '2015-09-01', '2015-12-31', '2015-10-01 04:44:50', '0000-00-00 00:00:00'),
(142, 22, 8, '2015-09-01', '2015-12-31', '2015-10-01 04:46:29', '0000-00-00 00:00:00'),
(143, 92, 5, '2015-09-28', '2015-12-31', '2015-10-01 05:50:58', '0000-00-00 00:00:00'),
(144, 21, 27, '2015-09-01', '2015-12-31', '2015-10-01 05:56:18', '0000-00-00 00:00:00'),
(145, 21, 19, '2015-09-01', '2015-12-31', '2015-10-01 05:56:44', '0000-00-00 00:00:00'),
(147, 18, 27, '2015-09-01', '2015-12-31', '2015-10-01 05:59:58', '0000-00-00 00:00:00'),
(149, 40, 33, '2015-09-01', '2015-10-28', '2015-10-01 06:01:50', '0000-00-00 00:00:00'),
(150, 41, 19, '2015-09-01', '2015-12-31', '2015-10-01 06:01:59', '0000-00-00 00:00:00'),
(152, 40, 34, '2015-09-29', '2015-09-29', '2015-10-01 06:05:36', '0000-00-00 00:00:00'),
(153, 40, 5, '2015-09-30', '2015-12-31', '2015-10-01 06:07:10', '0000-00-00 00:00:00'),
(154, 43, 27, '2015-09-01', '2015-12-31', '2015-10-01 06:09:09', '0000-00-00 00:00:00'),
(155, 43, 28, '2015-09-01', '2015-12-31', '2015-10-01 06:09:32', '0000-00-00 00:00:00'),
(156, 19, 29, '2015-09-01', '2015-12-31', '2015-10-01 06:21:18', '0000-00-00 00:00:00'),
(157, 38, 35, '2015-09-24', '2015-12-31', '2015-10-01 06:21:25', '0000-00-00 00:00:00'),
(158, 93, 9, '2015-09-28', '2015-12-31', '2015-10-01 06:25:09', '0000-00-00 00:00:00');

-- --------------------------------------------------------

--
-- Table structure for table `employee_shift_days`
--

CREATE TABLE IF NOT EXISTS `employee_shift_days` (
`id` int(10) unsigned NOT NULL,
  `employee_shift_id` int(10) unsigned NOT NULL,
  `day` enum('mon','tue','wed','thu','fri','sat','sun') NOT NULL
) ENGINE=InnoDB AUTO_INCREMENT=1011 DEFAULT CHARSET=latin1;

--
-- Dumping data for table `employee_shift_days`
--

INSERT INTO `employee_shift_days` (`id`, `employee_shift_id`, `day`) VALUES
(36, 41, 'mon'),
(37, 41, 'tue'),
(38, 41, 'wed'),
(39, 41, 'thu'),
(40, 41, 'fri'),
(192, 44, 'mon'),
(193, 44, 'tue'),
(194, 44, 'wed'),
(195, 44, 'thu'),
(196, 44, 'fri'),
(210, 2, 'mon'),
(211, 2, 'tue'),
(212, 2, 'wed'),
(213, 2, 'thu'),
(214, 2, 'fri'),
(233, 21, 'mon'),
(234, 21, 'tue'),
(235, 21, 'wed'),
(236, 21, 'thu'),
(237, 21, 'fri'),
(258, 45, 'tue'),
(259, 45, 'wed'),
(260, 45, 'thu'),
(261, 45, 'fri'),
(264, 75, 'mon'),
(298, 40, 'mon'),
(299, 40, 'tue'),
(300, 40, 'wed'),
(301, 40, 'thu'),
(302, 40, 'fri'),
(303, 10, 'mon'),
(304, 10, 'tue'),
(305, 10, 'wed'),
(306, 10, 'thu'),
(307, 10, 'fri'),
(313, 57, 'mon'),
(314, 57, 'tue'),
(315, 57, 'wed'),
(316, 57, 'thu'),
(317, 57, 'fri'),
(318, 22, 'mon'),
(319, 22, 'tue'),
(320, 22, 'wed'),
(321, 22, 'thu'),
(322, 22, 'fri'),
(323, 54, 'mon'),
(324, 54, 'tue'),
(325, 54, 'wed'),
(326, 54, 'thu'),
(327, 54, 'fri'),
(343, 27, 'mon'),
(344, 27, 'tue'),
(345, 27, 'wed'),
(346, 27, 'thu'),
(347, 27, 'fri'),
(353, 46, 'mon'),
(354, 46, 'tue'),
(355, 46, 'wed'),
(356, 46, 'thu'),
(357, 46, 'fri'),
(358, 85, 'mon'),
(359, 85, 'tue'),
(360, 85, 'wed'),
(361, 85, 'thu'),
(362, 85, 'fri'),
(378, 4, 'mon'),
(379, 4, 'tue'),
(380, 4, 'wed'),
(381, 4, 'thu'),
(382, 4, 'fri'),
(388, 26, 'mon'),
(389, 26, 'tue'),
(390, 26, 'wed'),
(391, 26, 'thu'),
(392, 26, 'fri'),
(393, 48, 'mon'),
(394, 48, 'tue'),
(395, 48, 'wed'),
(396, 48, 'thu'),
(397, 48, 'fri'),
(403, 1, 'mon'),
(404, 1, 'tue'),
(405, 1, 'wed'),
(406, 1, 'thu'),
(407, 1, 'fri'),
(428, 50, 'mon'),
(429, 50, 'tue'),
(430, 50, 'wed'),
(431, 50, 'thu'),
(432, 50, 'fri'),
(438, 51, 'mon'),
(439, 51, 'tue'),
(440, 51, 'wed'),
(441, 51, 'thu'),
(442, 51, 'fri'),
(448, 28, 'mon'),
(449, 28, 'tue'),
(450, 28, 'wed'),
(451, 28, 'thu'),
(452, 28, 'fri'),
(453, 90, 'mon'),
(454, 90, 'tue'),
(455, 90, 'wed'),
(456, 90, 'thu'),
(457, 90, 'fri'),
(463, 25, 'mon'),
(464, 25, 'tue'),
(465, 25, 'wed'),
(466, 25, 'thu'),
(467, 25, 'fri'),
(473, 39, 'mon'),
(474, 39, 'tue'),
(475, 39, 'wed'),
(476, 39, 'thu'),
(477, 39, 'fri'),
(496, 6, 'mon'),
(497, 6, 'tue'),
(498, 6, 'wed'),
(499, 6, 'thu'),
(500, 6, 'fri'),
(501, 94, 'mon'),
(502, 94, 'tue'),
(503, 94, 'wed'),
(504, 94, 'thu'),
(505, 94, 'fri'),
(506, 12, 'mon'),
(507, 12, 'tue'),
(508, 12, 'wed'),
(509, 12, 'thu'),
(510, 12, 'fri'),
(526, 13, 'mon'),
(527, 13, 'tue'),
(528, 13, 'wed'),
(529, 13, 'thu'),
(530, 13, 'fri'),
(531, 47, 'mon'),
(532, 47, 'tue'),
(533, 47, 'wed'),
(534, 47, 'thu'),
(535, 47, 'fri'),
(536, 96, 'mon'),
(537, 96, 'tue'),
(538, 96, 'wed'),
(539, 96, 'thu'),
(540, 96, 'fri'),
(541, 16, 'mon'),
(542, 16, 'tue'),
(543, 16, 'wed'),
(544, 16, 'thu'),
(545, 16, 'fri'),
(551, 38, 'mon'),
(552, 38, 'tue'),
(553, 38, 'wed'),
(554, 38, 'thu'),
(555, 38, 'fri'),
(556, 32, 'mon'),
(557, 32, 'tue'),
(558, 32, 'wed'),
(559, 32, 'thu'),
(560, 32, 'fri'),
(561, 97, 'wed'),
(562, 98, 'mon'),
(563, 98, 'tue'),
(564, 98, 'wed'),
(565, 98, 'thu'),
(566, 98, 'fri'),
(567, 37, 'mon'),
(568, 37, 'tue'),
(569, 37, 'wed'),
(570, 37, 'thu'),
(571, 37, 'fri'),
(582, 3, 'mon'),
(583, 3, 'tue'),
(584, 3, 'wed'),
(585, 3, 'thu'),
(586, 3, 'fri'),
(592, 35, 'mon'),
(593, 35, 'tue'),
(594, 35, 'wed'),
(595, 35, 'thu'),
(596, 35, 'fri'),
(597, 30, 'mon'),
(598, 30, 'tue'),
(599, 30, 'wed'),
(600, 30, 'thu'),
(601, 30, 'fri'),
(607, 29, 'mon'),
(608, 29, 'tue'),
(609, 29, 'wed'),
(610, 29, 'thu'),
(611, 29, 'fri'),
(636, 101, 'mon'),
(637, 101, 'tue'),
(638, 101, 'wed'),
(639, 101, 'thu'),
(640, 101, 'fri'),
(641, 102, 'mon'),
(642, 102, 'tue'),
(643, 102, 'wed'),
(644, 102, 'thu'),
(645, 102, 'fri'),
(656, 104, 'mon'),
(657, 104, 'tue'),
(658, 104, 'wed'),
(659, 104, 'thu'),
(660, 104, 'fri'),
(661, 105, 'mon'),
(662, 105, 'tue'),
(663, 105, 'wed'),
(664, 105, 'thu'),
(665, 105, 'fri'),
(666, 106, 'mon'),
(667, 106, 'tue'),
(668, 106, 'wed'),
(669, 106, 'thu'),
(670, 106, 'fri'),
(671, 107, 'mon'),
(672, 107, 'tue'),
(673, 107, 'wed'),
(674, 107, 'thu'),
(675, 107, 'fri'),
(676, 108, 'mon'),
(677, 108, 'tue'),
(678, 108, 'wed'),
(679, 108, 'thu'),
(680, 108, 'fri'),
(681, 109, 'mon'),
(682, 109, 'tue'),
(683, 109, 'wed'),
(684, 109, 'thu'),
(685, 109, 'fri'),
(691, 111, 'mon'),
(692, 111, 'tue'),
(693, 111, 'wed'),
(694, 111, 'thu'),
(695, 111, 'fri'),
(696, 103, 'mon'),
(697, 103, 'tue'),
(698, 103, 'wed'),
(699, 103, 'thu'),
(700, 103, 'fri'),
(701, 112, 'mon'),
(702, 112, 'tue'),
(703, 112, 'wed'),
(704, 112, 'thu'),
(705, 112, 'fri'),
(706, 113, 'mon'),
(707, 113, 'tue'),
(708, 113, 'wed'),
(709, 113, 'thu'),
(710, 113, 'fri'),
(711, 114, 'mon'),
(712, 114, 'tue'),
(713, 114, 'wed'),
(714, 114, 'thu'),
(715, 114, 'fri'),
(716, 115, 'mon'),
(717, 115, 'tue'),
(718, 115, 'wed'),
(719, 115, 'thu'),
(720, 115, 'fri'),
(721, 116, 'mon'),
(722, 116, 'tue'),
(723, 116, 'wed'),
(724, 116, 'thu'),
(725, 116, 'fri'),
(743, 24, 'mon'),
(744, 24, 'tue'),
(745, 24, 'wed'),
(746, 24, 'thu'),
(747, 24, 'fri'),
(760, 20, 'mon'),
(761, 20, 'tue'),
(762, 20, 'wed'),
(763, 20, 'thu'),
(764, 20, 'fri'),
(783, 126, 'mon'),
(784, 127, 'tue'),
(785, 127, 'wed'),
(786, 127, 'thu'),
(787, 127, 'fri'),
(788, 128, 'sat'),
(805, 134, 'mon'),
(806, 134, 'tue'),
(807, 134, 'wed'),
(808, 134, 'thu'),
(809, 134, 'fri'),
(810, 135, 'mon'),
(811, 135, 'tue'),
(812, 135, 'wed'),
(813, 135, 'thu'),
(814, 135, 'fri'),
(815, 136, 'mon'),
(816, 136, 'tue'),
(817, 136, 'wed'),
(818, 136, 'thu'),
(819, 136, 'fri'),
(820, 137, 'mon'),
(821, 137, 'tue'),
(822, 137, 'wed'),
(823, 137, 'thu'),
(824, 137, 'fri'),
(825, 138, 'mon'),
(826, 138, 'tue'),
(827, 138, 'wed'),
(828, 138, 'thu'),
(829, 138, 'fri'),
(830, 139, 'mon'),
(831, 139, 'tue'),
(832, 139, 'wed'),
(833, 139, 'thu'),
(834, 139, 'fri'),
(835, 140, 'mon'),
(836, 140, 'tue'),
(837, 140, 'wed'),
(838, 140, 'thu'),
(839, 140, 'fri'),
(840, 141, 'mon'),
(841, 141, 'tue'),
(842, 141, 'wed'),
(843, 141, 'thu'),
(844, 141, 'fri'),
(845, 142, 'mon'),
(846, 142, 'tue'),
(847, 142, 'wed'),
(848, 142, 'thu'),
(849, 142, 'fri'),
(850, 143, 'mon'),
(851, 143, 'tue'),
(852, 143, 'wed'),
(853, 143, 'thu'),
(854, 143, 'fri'),
(885, 145, 'tue'),
(886, 145, 'wed'),
(887, 145, 'thu'),
(888, 145, 'fri'),
(890, 62, 'mon'),
(891, 62, 'tue'),
(892, 62, 'wed'),
(893, 62, 'thu'),
(894, 62, 'fri'),
(895, 60, 'tue'),
(896, 60, 'wed'),
(897, 60, 'thu'),
(898, 60, 'fri'),
(901, 42, 'mon'),
(902, 42, 'tue'),
(903, 42, 'wed'),
(904, 42, 'thu'),
(905, 42, 'fri'),
(907, 149, 'mon'),
(908, 149, 'tue'),
(909, 149, 'wed'),
(910, 149, 'thu'),
(911, 149, 'fri'),
(912, 150, 'tue'),
(913, 150, 'wed'),
(914, 150, 'thu'),
(915, 150, 'fri'),
(917, 34, 'mon'),
(918, 34, 'sat'),
(919, 147, 'mon'),
(920, 147, 'sat'),
(921, 144, 'mon'),
(922, 144, 'sat'),
(923, 123, 'mon'),
(924, 124, 'tue'),
(925, 124, 'wed'),
(926, 124, 'thu'),
(927, 124, 'fri'),
(928, 152, 'tue'),
(929, 125, 'sat'),
(930, 153, 'mon'),
(931, 153, 'tue'),
(932, 153, 'wed'),
(933, 153, 'thu'),
(934, 153, 'fri'),
(935, 153, 'sat'),
(936, 74, 'sat'),
(937, 36, 'tue'),
(938, 36, 'wed'),
(939, 36, 'thu'),
(940, 36, 'fri'),
(941, 154, 'mon'),
(942, 53, 'mon'),
(943, 53, 'tue'),
(944, 53, 'wed'),
(945, 53, 'thu'),
(946, 53, 'fri'),
(947, 155, 'sat'),
(948, 129, 'mon'),
(949, 5, 'mon'),
(950, 5, 'tue'),
(951, 5, 'wed'),
(952, 5, 'thu'),
(953, 5, 'fri'),
(954, 130, 'tue'),
(955, 130, 'wed'),
(956, 130, 'thu'),
(957, 130, 'fri'),
(958, 131, 'sat'),
(959, 52, 'mon'),
(960, 99, 'tue'),
(961, 99, 'wed'),
(962, 99, 'thu'),
(963, 99, 'fri'),
(964, 100, 'sat'),
(965, 120, 'mon'),
(970, 7, 'mon'),
(971, 7, 'tue'),
(972, 7, 'wed'),
(973, 7, 'thu'),
(974, 7, 'fri'),
(975, 121, 'tue'),
(976, 121, 'wed'),
(977, 121, 'thu'),
(978, 121, 'fri'),
(979, 133, 'mon'),
(980, 133, 'tue'),
(981, 133, 'wed'),
(982, 133, 'thu'),
(983, 133, 'fri'),
(984, 17, 'mon'),
(985, 17, 'tue'),
(986, 17, 'wed'),
(987, 17, 'thu'),
(988, 17, 'fri'),
(989, 122, 'sat'),
(990, 31, 'mon'),
(991, 31, 'tue'),
(992, 31, 'wed'),
(993, 31, 'thu'),
(994, 31, 'fri'),
(995, 61, 'mon'),
(996, 95, 'tue'),
(997, 95, 'wed'),
(998, 95, 'thu'),
(999, 95, 'fri'),
(1000, 156, 'sat'),
(1001, 157, 'mon'),
(1002, 157, 'tue'),
(1003, 157, 'wed'),
(1004, 157, 'thu'),
(1005, 157, 'fri'),
(1006, 158, 'mon'),
(1007, 158, 'tue'),
(1008, 158, 'wed'),
(1009, 158, 'thu'),
(1010, 158, 'fri');

-- --------------------------------------------------------

--
-- Table structure for table `holidays`
--

CREATE TABLE IF NOT EXISTS `holidays` (
`id` int(10) unsigned NOT NULL,
  `title` varchar(100) NOT NULL,
  `description` varchar(255) NOT NULL,
  `start` date NOT NULL,
  `end` date NOT NULL,
  `created_at` timestamp NOT NULL DEFAULT CURRENT_TIMESTAMP ON UPDATE CURRENT_TIMESTAMP,
  `updated_at` timestamp NOT NULL DEFAULT '0000-00-00 00:00:00'
) ENGINE=InnoDB AUTO_INCREMENT=11 DEFAULT CHARSET=latin1;

--
-- Dumping data for table `holidays`
--

INSERT INTO `holidays` (`id`, `title`, `description`, `start`, `end`, `created_at`, `updated_at`) VALUES
(2, 'Christmas', 'Birth of Jesus', '2015-12-25', '2015-12-25', '2015-09-03 19:24:27', '2015-09-03 19:24:27'),
(4, 'Kadayawan Celebration', '', '2015-08-17', '2015-08-17', '2015-09-03 20:52:29', '2015-09-03 20:52:29'),
(5, 'Ninoy Aquino Day', '', '2015-08-14', '2015-08-14', '2015-09-03 20:52:56', '2015-09-03 20:52:56'),
(10, 'National Heroes Day', '', '2015-08-30', '2015-08-31', '2015-09-04 05:41:28', '2015-09-03 21:41:28');

-- --------------------------------------------------------

--
-- Table structure for table `migrations`
--

CREATE TABLE IF NOT EXISTS `migrations` (
  `migration` varchar(255) COLLATE utf8_unicode_ci NOT NULL,
  `batch` int(11) NOT NULL
) ENGINE=InnoDB DEFAULT CHARSET=utf8 COLLATE=utf8_unicode_ci;

--
-- Dumping data for table `migrations`
--

INSERT INTO `migrations` (`migration`, `batch`) VALUES
('2014_10_12_000000_create_users_table', 1),
('2014_10_12_100000_create_password_resets_table', 1);

-- --------------------------------------------------------

--
-- Table structure for table `password_resets`
--

CREATE TABLE IF NOT EXISTS `password_resets` (
  `email` varchar(255) COLLATE utf8_unicode_ci NOT NULL,
  `token` varchar(255) COLLATE utf8_unicode_ci NOT NULL,
  `created_at` timestamp NOT NULL DEFAULT '0000-00-00 00:00:00'
) ENGINE=InnoDB DEFAULT CHARSET=utf8 COLLATE=utf8_unicode_ci;

-- --------------------------------------------------------

--
-- Table structure for table `shifts`
--

CREATE TABLE IF NOT EXISTS `shifts` (
`id` int(10) unsigned NOT NULL,
  `description` varchar(255) NOT NULL,
  `shift_from` time NOT NULL,
  `shift_to` time NOT NULL,
  `working_hours` time NOT NULL,
  `break` time NOT NULL,
  `created_at` timestamp NOT NULL DEFAULT CURRENT_TIMESTAMP ON UPDATE CURRENT_TIMESTAMP,
  `updated_at` timestamp NOT NULL DEFAULT '0000-00-00 00:00:00'
) ENGINE=InnoDB AUTO_INCREMENT=36 DEFAULT CHARSET=latin1;

--
-- Dumping data for table `shifts`
--

INSERT INTO `shifts` (`id`, `description`, `shift_from`, `shift_to`, `working_hours`, `break`, `created_at`, `updated_at`) VALUES
(4, 'Shift 2', '08:30:00', '17:30:00', '09:00:00', '01:30:00', '2015-08-15 02:55:35', '0000-00-00 00:00:00'),
(5, 'Shift 3', '22:00:00', '06:00:00', '08:00:00', '00:30:00', '2015-08-15 02:57:34', '0000-00-00 00:00:00'),
(6, 'Shift 4', '23:00:00', '08:00:00', '09:00:00', '01:30:00', '2015-08-18 06:09:11', '0000-00-00 00:00:00'),
(7, 'Shift 5', '14:00:00', '22:00:00', '08:00:00', '00:30:00', '2015-08-15 02:58:09', '0000-00-00 00:00:00'),
(8, 'Shift 6', '06:00:00', '14:00:00', '08:00:00', '00:30:00', '2015-08-15 03:00:06', '0000-00-00 00:00:00'),
(9, 'Shift 7', '10:00:00', '18:00:00', '08:00:00', '00:30:00', '2015-08-15 03:00:39', '0000-00-00 00:00:00'),
(10, 'Shift 8', '09:00:00', '18:00:00', '09:00:00', '01:30:00', '2015-08-15 03:01:13', '0000-00-00 00:00:00'),
(11, 'Shift 9', '07:00:00', '15:00:00', '08:00:00', '00:30:00', '2015-08-15 03:03:42', '0000-00-00 00:00:00'),
(12, 'Shift 10', '13:00:00', '21:00:00', '08:00:00', '00:30:00', '2015-08-15 03:14:36', '0000-00-00 00:00:00'),
(13, 'Shift 11', '00:00:00', '08:00:00', '08:00:00', '00:30:00', '2015-08-15 03:16:25', '0000-00-00 00:00:00'),
(14, 'Shift 12', '16:00:00', '00:00:00', '08:00:00', '00:30:00', '2015-08-18 06:08:26', '0000-00-00 00:00:00'),
(15, 'Shift 13', '16:00:00', '01:00:00', '09:00:00', '01:30:00', '2015-08-15 03:19:19', '0000-00-00 00:00:00'),
(17, 'Shift 14', '06:00:00', '15:00:00', '09:00:00', '01:30:00', '2015-08-18 06:05:46', '2015-08-14 19:59:56'),
(18, 'Shift 15', '08:00:00', '17:00:00', '09:00:00', '01:30:00', '2015-08-18 06:06:57', '2015-08-14 20:02:41'),
(19, 'Shift 16', '08:00:00', '16:00:00', '08:00:00', '00:30:00', '2015-08-15 04:22:45', '0000-00-00 00:00:00'),
(20, 'Shift 17', '07:00:00', '17:00:00', '09:00:00', '01:30:00', '2015-08-15 04:23:20', '0000-00-00 00:00:00'),
(21, 'Shift 18', '11:00:00', '19:00:00', '08:00:00', '00:30:00', '2015-08-15 04:24:04', '0000-00-00 00:00:00'),
(22, 'Shift 19', '10:00:00', '19:00:00', '09:00:00', '01:30:00', '2015-08-18 06:07:35', '0000-00-00 00:00:00'),
(23, 'Shift 20', '07:00:00', '16:00:00', '09:00:00', '01:30:00', '2015-08-15 11:04:58', '0000-00-00 00:00:00'),
(24, 'Shift 21', '05:00:00', '14:00:00', '09:00:00', '01:30:00', '2015-08-18 06:03:32', '2015-08-16 22:12:14'),
(25, 'Shift 22', '23:00:00', '07:00:00', '08:00:00', '00:30:00', '2015-08-18 06:02:46', '2015-08-17 22:02:24'),
(26, 'Shift 24', '06:00:00', '12:00:00', '00:00:00', '00:30:00', '2015-08-19 18:19:35', '2015-08-19 18:19:35'),
(27, 'Shift 25', '08:00:00', '12:00:00', '00:00:00', '00:00:00', '2015-08-19 18:22:18', '2015-08-19 18:22:18'),
(28, 'Shift 26', '06:00:00', '10:00:00', '00:00:00', '00:00:00', '2015-08-19 18:23:05', '2015-08-19 18:23:05'),
(29, 'Shift 23', '07:00:00', '11:00:00', '00:00:00', '00:00:00', '2015-10-01 06:17:28', '2015-09-30 22:17:28'),
(30, 'Shift 30', '08:00:00', '14:00:00', '00:00:00', '00:00:00', '2015-10-01 06:18:17', '2015-09-30 22:18:17'),
(31, 'Shift 27', '05:00:00', '10:00:00', '00:00:00', '00:00:00', '2015-08-19 22:41:58', '2015-08-19 22:41:58'),
(32, 'Shift 28', '12:00:00', '20:00:00', '00:00:00', '00:00:00', '2015-08-19 23:21:56', '2015-08-19 23:21:56'),
(33, 'Shift 1', '09:00:00', '17:00:00', '08:00:00', '00:30:00', '2015-09-01 05:59:35', '2015-08-31 21:59:35'),
(34, 'Shift 29', '20:00:00', '04:00:00', '08:00:00', '00:00:30', '2015-09-30 22:04:10', '2015-09-30 22:04:10'),
(35, 'Shift 31', '09:30:00', '18:30:00', '09:00:00', '01:30:00', '2015-09-30 22:20:58', '2015-09-30 22:20:58');

-- --------------------------------------------------------

--
-- Table structure for table `users`
--

CREATE TABLE IF NOT EXISTS `users` (
`id` int(10) unsigned NOT NULL,
  `name` varchar(255) COLLATE utf8_unicode_ci NOT NULL,
  `email` varchar(255) COLLATE utf8_unicode_ci NOT NULL,
  `username` varchar(32) COLLATE utf8_unicode_ci NOT NULL,
  `password` varchar(60) COLLATE utf8_unicode_ci NOT NULL,
  `user_type` enum('admin') COLLATE utf8_unicode_ci NOT NULL,
  `remember_token` varchar(100) COLLATE utf8_unicode_ci DEFAULT NULL,
  `created_at` timestamp NOT NULL DEFAULT '0000-00-00 00:00:00',
  `updated_at` timestamp NOT NULL DEFAULT '0000-00-00 00:00:00'
) ENGINE=InnoDB AUTO_INCREMENT=11 DEFAULT CHARSET=utf8 COLLATE=utf8_unicode_ci;

--
-- Dumping data for table `users`
--

INSERT INTO `users` (`id`, `name`, `email`, `username`, `password`, `user_type`, `remember_token`, `created_at`, `updated_at`) VALUES
(7, 'Rosemale-John II C. Villacorta', 'rosemalejohn@gmail.com', 'rosemalejohn', '$2y$10$FuqYG4eDr6kTW00RwvWVJ.EHPPkVrOO273CQ7mRROIRYSBVZ9NrPG', 'admin', '9DwRwN6u6erm8zVfwkenJaht9ckJASFQgmz42wCdl4fPbghikA1AcuqR9de5', '2015-08-14 23:34:32', '2015-08-31 23:43:30'),
(8, 'Nepthaly Talavera', 'nepthaly.talavera@hpoutsourcinginc.com', 'ntalavera', '$2y$10$SLQ2sCBXWHB6MKzhsHMBxOj5glIkOrSMjCRPAM1EbR9.jLfXmDe1m', 'admin', 'qgB6vtbxAiepyNlI21cn61LzHnqmASbBrGfsn8V3QlnLD06bLzonQosf5wcV', '2015-08-17 17:56:03', '2015-09-30 19:29:23'),
(9, 'Sample Sample', 'sample@sample.com', 'sample', '$2y$10$nmHbCUwLgb06leGKjHD3juN8QJPLlVRodcurDwQlPGnb/LkA71MxS', 'admin', 'I1blMsgJzksPEhlhVAVMh6Oix177tQucecxNqL1b4r6rKyj7Jm25ISn873ib', '2015-08-31 23:44:05', '2015-08-31 23:54:56'),
(10, 'Jayson Alanano', 'jayzer0098@gmail.com', 'jayson0098', '$2y$10$M/peHSj7xAIMpcryOG03VOgXPmhNGpGLwQGmbcLwKTr57xOt.vgWu', 'admin', 'KZDy8HMh9dOxHZcJfW1jZWkAfTesrIa1nk7VQgfjY862z3CTjdmSf6eDcFWV', '2015-09-30 19:08:31', '2015-09-30 20:33:23');

--
-- Indexes for dumped tables
--

--
-- Indexes for table `departments`
--
ALTER TABLE `departments`
 ADD PRIMARY KEY (`id`);

--
-- Indexes for table `employees`
--
ALTER TABLE `employees`
 ADD PRIMARY KEY (`id`), ADD UNIQUE KEY `employee_id` (`employee_id`), ADD KEY `department_id` (`department_id`);

--
-- Indexes for table `employee_dtr`
--
ALTER TABLE `employee_dtr`
 ADD PRIMARY KEY (`id`), ADD KEY `employee_id` (`employee_id`), ADD KEY `shift_id` (`shift_id`);

--
-- Indexes for table `employee_shifts`
--
ALTER TABLE `employee_shifts`
 ADD PRIMARY KEY (`id`), ADD KEY `employee_id` (`employee_id`), ADD KEY `shift_id` (`shift_id`);

--
-- Indexes for table `employee_shift_days`
--
ALTER TABLE `employee_shift_days`
 ADD PRIMARY KEY (`id`), ADD KEY `employee_shift_id` (`employee_shift_id`);

--
-- Indexes for table `holidays`
--
ALTER TABLE `holidays`
 ADD PRIMARY KEY (`id`);

--
-- Indexes for table `password_resets`
--
ALTER TABLE `password_resets`
 ADD KEY `password_resets_email_index` (`email`), ADD KEY `password_resets_token_index` (`token`);

--
-- Indexes for table `shifts`
--
ALTER TABLE `shifts`
 ADD PRIMARY KEY (`id`);

--
-- Indexes for table `users`
--
ALTER TABLE `users`
 ADD PRIMARY KEY (`id`), ADD UNIQUE KEY `users_email_unique` (`email`), ADD UNIQUE KEY `username` (`username`);

--
-- AUTO_INCREMENT for dumped tables
--

--
-- AUTO_INCREMENT for table `departments`
--
ALTER TABLE `departments`
MODIFY `id` int(10) unsigned NOT NULL AUTO_INCREMENT,AUTO_INCREMENT=11;
--
-- AUTO_INCREMENT for table `employees`
--
ALTER TABLE `employees`
MODIFY `id` int(10) unsigned NOT NULL AUTO_INCREMENT,AUTO_INCREMENT=94;
--
-- AUTO_INCREMENT for table `employee_dtr`
--
ALTER TABLE `employee_dtr`
MODIFY `id` int(10) unsigned NOT NULL AUTO_INCREMENT,AUTO_INCREMENT=4834;
--
-- AUTO_INCREMENT for table `employee_shifts`
--
ALTER TABLE `employee_shifts`
MODIFY `id` int(10) unsigned NOT NULL AUTO_INCREMENT,AUTO_INCREMENT=159;
--
-- AUTO_INCREMENT for table `employee_shift_days`
--
ALTER TABLE `employee_shift_days`
MODIFY `id` int(10) unsigned NOT NULL AUTO_INCREMENT,AUTO_INCREMENT=1011;
--
-- AUTO_INCREMENT for table `holidays`
--
ALTER TABLE `holidays`
MODIFY `id` int(10) unsigned NOT NULL AUTO_INCREMENT,AUTO_INCREMENT=11;
--
-- AUTO_INCREMENT for table `shifts`
--
ALTER TABLE `shifts`
MODIFY `id` int(10) unsigned NOT NULL AUTO_INCREMENT,AUTO_INCREMENT=36;
--
-- AUTO_INCREMENT for table `users`
--
ALTER TABLE `users`
MODIFY `id` int(10) unsigned NOT NULL AUTO_INCREMENT,AUTO_INCREMENT=11;
--
-- Constraints for dumped tables
--

--
-- Constraints for table `employees`
--
ALTER TABLE `employees`
ADD CONSTRAINT `employees_ibfk_1` FOREIGN KEY (`department_id`) REFERENCES `departments` (`id`) ON DELETE CASCADE ON UPDATE CASCADE;

--
-- Constraints for table `employee_dtr`
--
ALTER TABLE `employee_dtr`
ADD CONSTRAINT `employee_dtr_ibfk_2` FOREIGN KEY (`shift_id`) REFERENCES `shifts` (`id`) ON DELETE CASCADE ON UPDATE CASCADE,
ADD CONSTRAINT `employee_dtr_ibfk_3` FOREIGN KEY (`employee_id`) REFERENCES `employees` (`employee_id`) ON DELETE CASCADE ON UPDATE CASCADE;

--
-- Constraints for table `employee_shifts`
--
ALTER TABLE `employee_shifts`
ADD CONSTRAINT `employee_shifts_ibfk_1` FOREIGN KEY (`employee_id`) REFERENCES `employees` (`id`) ON DELETE CASCADE ON UPDATE CASCADE,
ADD CONSTRAINT `employee_shifts_ibfk_2` FOREIGN KEY (`shift_id`) REFERENCES `shifts` (`id`) ON DELETE CASCADE ON UPDATE CASCADE;

--
-- Constraints for table `employee_shift_days`
--
ALTER TABLE `employee_shift_days`
ADD CONSTRAINT `employee_shift_days_ibfk_1` FOREIGN KEY (`employee_shift_id`) REFERENCES `employee_shifts` (`id`) ON DELETE CASCADE ON UPDATE CASCADE;

/*!40101 SET CHARACTER_SET_CLIENT=@OLD_CHARACTER_SET_CLIENT */;
/*!40101 SET CHARACTER_SET_RESULTS=@OLD_CHARACTER_SET_RESULTS */;
/*!40101 SET COLLATION_CONNECTION=@OLD_COLLATION_CONNECTION */;
