-- phpMyAdmin SQL Dump
-- version 4.2.7.1
-- http://www.phpmyadmin.net
--
-- Host: 127.0.0.1
-- Generation Time: Aug 20, 2015 at 08:53 AM
-- Server version: 5.6.20
-- PHP Version: 5.5.15

SET SQL_MODE = "NO_AUTO_VALUE_ON_ZERO";
SET time_zone = "+00:00";


/*!40101 SET @OLD_CHARACTER_SET_CLIENT=@@CHARACTER_SET_CLIENT */;
/*!40101 SET @OLD_CHARACTER_SET_RESULTS=@@CHARACTER_SET_RESULTS */;
/*!40101 SET @OLD_COLLATION_CONNECTION=@@COLLATION_CONNECTION */;
/*!40101 SET NAMES utf8 */;

--
-- Database: `hpo-hris`
--

-- --------------------------------------------------------

--
-- Table structure for table `departments`
--

CREATE TABLE IF NOT EXISTS `departments` (
`id` int(10) unsigned NOT NULL,
  `department_code` varchar(10) NOT NULL,
  `name` varchar(100) NOT NULL,
  `description` varchar(255) NOT NULL,
  `created_at` timestamp NOT NULL DEFAULT CURRENT_TIMESTAMP ON UPDATE CURRENT_TIMESTAMP,
  `updated_at` timestamp NOT NULL DEFAULT '0000-00-00 00:00:00'
) ENGINE=InnoDB  DEFAULT CHARSET=latin1 AUTO_INCREMENT=10 ;

--
-- Dumping data for table `departments`
--

INSERT INTO `departments` (`id`, `department_code`, `name`, `description`, `created_at`, `updated_at`) VALUES
(1, 'WebDev', 'Web Development', 'Web Developers, Software Devs, Mobile Devs', '2015-08-05 06:31:05', '0000-00-00 00:00:00'),
(2, 'ADMIN', 'Administrator', 'Admin office staffs', '2015-08-08 07:19:39', '0000-00-00 00:00:00'),
(3, 'SysAd', 'System Administrator', 'Maintains technical problems', '2015-08-08 00:07:38', '2015-08-08 00:07:38'),
(4, 'Sales&Mar', 'Sales and Marketing', '', '2015-08-08 06:15:58', '2015-08-08 06:15:58'),
(5, 'QA', 'Quality Assurance', '', '2015-08-08 06:17:12', '2015-08-08 06:17:12'),
(6, 'ENGAGEIQ', 'Engage IQ', 'Sample ', '2015-08-15 07:14:27', '2015-08-14 23:14:27'),
(7, 'Creative', 'Creative', '', '2015-08-14 23:11:01', '2015-08-14 23:11:01'),
(8, 'PMO', 'PMO', '', '2015-08-14 23:13:05', '2015-08-14 23:13:05'),
(9, 'IM', 'IM', '', '2015-08-14 23:15:54', '2015-08-14 23:15:54');

-- --------------------------------------------------------

--
-- Table structure for table `employees`
--

CREATE TABLE IF NOT EXISTS `employees` (
`id` int(10) unsigned NOT NULL,
  `employee_id` int(11) unsigned NOT NULL,
  `first_name` varchar(45) NOT NULL,
  `middle_name` varchar(45) DEFAULT NULL,
  `last_name` varchar(45) NOT NULL,
  `status` enum('1','0') NOT NULL DEFAULT '1',
  `department_id` int(10) unsigned NOT NULL,
  `created_at` timestamp NOT NULL DEFAULT CURRENT_TIMESTAMP ON UPDATE CURRENT_TIMESTAMP,
  `updated_at` timestamp NOT NULL DEFAULT '0000-00-00 00:00:00'
) ENGINE=InnoDB  DEFAULT CHARSET=latin1 AUTO_INCREMENT=77 ;

--
-- Dumping data for table `employees`
--

INSERT INTO `employees` (`id`, `employee_id`, `first_name`, `middle_name`, `last_name`, `status`, `department_id`, `created_at`, `updated_at`) VALUES
(1, 802005, 'Leonardo Jr.', 'Alcantara', 'Galos', '1', 3, '2015-08-15 07:09:13', '2015-08-14 23:09:13'),
(2, 805067, 'Romeo Jr.', 'Ibañez', 'Mangaya-ay', '1', 1, '2015-08-14 17:56:56', '2015-08-14 17:56:56'),
(3, 810079, 'Ali ', 'Calderon', 'Mofan ', '1', 3, '2015-08-15 07:08:50', '2015-08-14 23:08:50'),
(4, 410001, 'Juan Paulo', 'Santos ', 'Saravia', '1', 4, '2015-08-15 07:08:25', '2015-08-14 23:08:25'),
(5, 506001, 'Gene Voltaire', 'Acuesta', 'Dequito', '1', 1, '2015-08-14 17:56:56', '2015-08-14 17:56:56'),
(6, 702003, 'Ares', 'Lacap', 'Cabahug', '1', 7, '2015-08-15 07:11:35', '2015-08-14 23:11:35'),
(7, 706009, 'Roque Jay', 'Lampios', 'Maneja', '1', 7, '2015-08-15 07:11:23', '2015-08-14 23:11:23'),
(8, 710026, 'Enrico Rafael', 'De Jesus', 'Macaraig', '1', 7, '2015-08-15 07:12:40', '2015-08-14 23:12:40'),
(9, 801002, 'Rea May', 'Apita', 'Fuentes', '1', 9, '2015-08-15 07:16:26', '2015-08-14 23:16:26'),
(10, 801001, 'Daniel', 'Intong', 'Revil', '1', 7, '2015-08-15 07:11:12', '2015-08-14 23:11:12'),
(11, 806048, 'Dennis', 'Semilla', 'Lucero', '1', 2, '2015-08-15 07:09:29', '2015-08-14 23:09:29'),
(12, 811086, 'Queency', 'Panisal', 'Alfante', '1', 9, '2015-08-15 07:16:37', '2015-08-14 23:16:37'),
(13, 904061, 'Elaine Ingrid', 'Neri', 'Manlangit', '1', 2, '2015-08-15 07:09:58', '2015-08-14 23:09:58'),
(14, 911131, 'Aaron Paul', 'Tito', 'Duhaylungsod', '1', 9, '2015-08-15 07:18:19', '2015-08-14 23:18:19'),
(15, 1006041, 'April Rose ', 'Relampagos', 'Alforque', '1', 2, '2015-08-15 07:09:43', '2015-08-14 23:09:43'),
(16, 1010062, 'Rian Ree', 'Patron', 'Barrientos', '1', 1, '2015-08-14 17:56:56', '2015-08-14 17:56:56'),
(17, 1101010, 'Jose Bernard', 'Pond', 'Sevilla', '1', 9, '2015-08-15 07:17:20', '2015-08-14 23:17:20'),
(18, 1104022, 'Dann Robert', 'Tan', 'Yu', '1', 6, '2015-08-15 07:14:17', '2015-08-14 23:14:17'),
(19, 1108042, 'John Cesar', 'Enriquez', 'Manlangit', '1', 1, '2015-08-14 17:56:57', '2015-08-14 17:56:57'),
(20, 1109044, 'Anna Liza', 'Doro-on', 'Masangkay', '1', 8, '2015-08-15 07:13:32', '2015-08-14 23:13:32'),
(21, 1103018, 'Montgomery', 'Cabillan', 'Magbanua', '1', 6, '2015-08-15 07:14:52', '2015-08-14 23:14:52'),
(22, 1203008, 'Jhecyl Mae', 'Arias', 'Cuevas', '1', 9, '2015-08-15 07:17:52', '2015-08-14 23:17:52'),
(23, 1203014, 'Craig John', 'Castañeda', 'Neniel', '1', 9, '2015-08-15 07:16:54', '2015-08-14 23:16:54'),
(24, 1203020, 'Carlo Franco', 'Bayani', 'Lozano', '1', 5, '2015-08-15 07:07:35', '2015-08-14 23:07:35'),
(25, 1203026, 'Jessa Mae', 'Calamba', 'Deloy', '1', 6, '2015-08-15 07:15:37', '2015-08-14 23:15:37'),
(26, 1203029, 'Ma. Louiselle', 'Digamon', 'Jose', '1', 9, '2015-08-15 07:16:10', '2015-08-14 23:16:10'),
(27, 1203035, 'Brylle', 'Duco', 'Seraspe', '1', 1, '2015-08-14 17:56:57', '2015-08-14 17:56:57'),
(28, 1203036, 'Mark', 'Billones', 'Tacatani', '1', 8, '2015-08-15 07:13:56', '2015-08-14 23:13:56'),
(29, 1203042, 'Jayson', 'Miparanum', 'Aso', '1', 9, '2015-08-15 07:16:46', '2015-08-14 23:16:46'),
(30, 1203049, 'Ariel', 'Cacanog', 'Magbanua', '1', 1, '2015-08-14 17:56:57', '2015-08-14 17:56:57'),
(31, 1203050, 'Reu Salvy', 'Sagmit', 'Delima', '1', 9, '2015-08-15 07:18:07', '2015-08-14 23:18:07'),
(32, 1203056, 'Michael Angelo', 'Giducos', 'Leones', '1', 2, '2015-08-15 07:10:29', '2015-08-14 23:10:29'),
(33, 1203064, 'Jake', 'Velasco', 'Duldulao', '1', 1, '2015-08-14 17:56:57', '2015-08-14 17:56:57'),
(34, 1203069, 'Reynand', 'Dulay', 'Collado', '1', 9, '2015-08-15 07:18:34', '2015-08-14 23:18:34'),
(35, 1203072, 'Ivy Frances', 'Sarsalejo', 'Labitan', '1', 9, '2015-08-15 07:17:09', '2015-08-14 23:17:09'),
(36, 1203080, 'Donna Mae', 'Quitong', 'Tabuno', '1', 3, '2015-08-15 07:08:59', '2015-08-14 23:08:59'),
(37, 1203082, 'Olive', 'Nazareno', 'Sumampong', '1', 2, '2015-08-15 07:10:12', '2015-08-14 23:10:12'),
(38, 1203085, 'Daniel', 'Rubiato', 'Laurel', '1', 1, '2015-08-14 17:56:57', '2015-08-14 17:56:57'),
(39, 1203089, 'Chiara', 'Bangoy', 'Patrimonio', '1', 8, '2015-08-15 07:13:17', '2015-08-14 23:13:17'),
(40, 1203090, 'Melvin Rey', 'Antiquin', 'Basco', '1', 7, '2015-08-15 07:11:51', '2015-08-14 23:11:51'),
(41, 1203091, 'Dexter Ken', 'Nerosa', 'Candia', '1', 1, '2015-08-14 17:56:57', '2015-08-14 17:56:57'),
(42, 1203094, 'Rika Joahnah', 'Fiel', 'Sison', '1', 8, '2015-08-15 07:14:06', '2015-08-14 23:14:06'),
(43, 1203107, 'Jayvee', 'Rizon', 'Sumande', '1', 1, '2015-08-14 17:56:58', '2015-08-14 17:56:58'),
(44, 1203110, 'Johneil', 'Celestial', 'Quijano', '1', 1, '2015-08-14 17:56:58', '2015-08-14 17:56:58'),
(45, 1203120, 'Julius Ryan', 'Arboleda', 'Paches', '1', 1, '2015-08-14 17:56:58', '2015-08-14 17:56:58'),
(46, 1203126, 'Ma. Luisa Andrea', 'Quillo', 'Coloso', '1', 6, '2015-08-15 07:15:23', '2015-08-14 23:15:23'),
(47, 140502, 'Nepthaly', 'Caro', 'Talavera', '1', 2, '2015-08-19 04:51:13', '2015-08-18 20:51:13'),
(48, 140702, 'Hazel Love', 'Coloma', 'Rosales', '1', 8, '2015-08-15 07:13:43', '2015-08-14 23:13:43'),
(49, 140902, 'Arriz', 'Divinagracia', 'San Juan', '1', 7, '2015-08-15 07:12:15', '2015-08-14 23:12:15'),
(50, 140903, 'Edward John', 'Paglinawan', 'Diola', '1', 7, '2015-08-15 07:12:02', '2015-08-14 23:12:02'),
(51, 140904, 'Gerard Albert', 'Pimentel', 'Cañada', '1', 6, '2015-08-15 07:15:07', '2015-08-14 23:15:07'),
(52, 140905, 'Patrick Angelo', 'Galve', 'Cameguing', '1', 1, '2015-08-14 17:56:58', '2015-08-14 17:56:58'),
(66, 141002, 'Karla', NULL, 'Librero', '1', 1, '2015-08-16 19:39:48', '2015-08-16 19:39:48'),
(67, 141103, 'Dave Francis', 'Mansilita', 'Cancio', '1', 9, '2015-08-17 04:54:33', '2015-08-16 20:54:33'),
(68, 150102, 'Michael Angelo', 'Omero', 'Tarongoy', '1', 1, '2015-08-16 19:39:48', '2015-08-16 19:39:48'),
(69, 150103, 'Edward Jonathan ', 'Opinion', 'Potot', '1', 8, '2015-08-17 04:55:19', '2015-08-16 20:55:19'),
(70, 150401, 'Marwil', 'Yder', 'Burton', '1', 6, '2015-08-17 04:55:51', '2015-08-16 20:55:51'),
(71, 150403, 'Norgen', 'Balo', 'Tapel', '1', 9, '2015-08-17 04:56:18', '2015-08-16 20:56:18'),
(72, 150501, 'Javin Jet', 'Agustin', 'Tevar', '1', 4, '2015-08-17 04:56:42', '2015-08-16 20:56:42'),
(73, 150502, 'Juan Basilio', 'Teves', 'Espinoza', '1', 9, '2015-08-17 04:57:05', '2015-08-16 20:57:05'),
(74, 150503, 'Xander John', 'Mina', 'Dacyon', '1', 1, '2015-08-16 19:39:48', '2015-08-16 19:39:48'),
(75, 150506, 'John Jason', 'Marquez', 'Baladiang', '1', 1, '2015-08-16 19:39:48', '2015-08-16 19:39:48'),
(76, 150801, 'Vincent Jake', NULL, 'Calag', '1', 1, '2015-08-16 19:39:48', '2015-08-16 19:39:48');

-- --------------------------------------------------------

--
-- Table structure for table `employee_dtr`
--

CREATE TABLE IF NOT EXISTS `employee_dtr` (
`id` int(10) unsigned NOT NULL,
  `employee_id` int(10) unsigned NOT NULL,
  `start_of_duty` datetime DEFAULT NULL,
  `first_out` datetime DEFAULT NULL,
  `first_in` datetime DEFAULT NULL,
  `second_out` datetime DEFAULT NULL,
  `second_in` datetime DEFAULT NULL,
  `third_out` datetime DEFAULT NULL,
  `third_in` datetime DEFAULT NULL,
  `end_of_duty` datetime DEFAULT NULL,
  `undertime` time NOT NULL DEFAULT '00:00:00',
  `late` time NOT NULL DEFAULT '00:00:00',
  `overbreak` time NOT NULL DEFAULT '00:00:00'
) ENGINE=InnoDB  DEFAULT CHARSET=latin1 AUTO_INCREMENT=1542 ;

--
-- Dumping data for table `employee_dtr`
--

INSERT INTO `employee_dtr` (`id`, `employee_id`, `start_of_duty`, `first_out`, `first_in`, `second_out`, `second_in`, `third_out`, `third_in`, `end_of_duty`, `undertime`, `late`, `overbreak`) VALUES
(1247, 141002, '2015-08-03 07:55:26', '2015-08-03 11:39:07', '2015-08-03 11:56:13', NULL, NULL, NULL, NULL, '2015-08-03 16:01:46', '00:00:00', '00:00:00', '00:00:00'),
(1248, 141002, '2015-08-04 06:29:33', '2015-08-04 09:46:34', '2015-08-04 10:01:27', NULL, NULL, NULL, NULL, '2015-08-04 14:03:33', '00:00:00', '00:29:33', '00:00:00'),
(1249, 141002, '2015-08-05 06:44:08', '2015-08-05 10:38:06', '2015-08-05 11:08:28', NULL, NULL, NULL, NULL, '2015-08-05 14:38:41', '00:00:00', '00:44:08', '00:00:22'),
(1250, 141002, '2015-08-07 07:26:51', '2015-08-07 11:21:17', '2015-08-07 11:37:15', NULL, NULL, NULL, NULL, '2015-08-07 16:11:29', '00:00:00', '00:00:00', '00:00:00'),
(1251, 141002, '2015-08-08 06:47:18', NULL, NULL, NULL, NULL, NULL, NULL, '2015-08-08 10:00:11', '01:59:49', '00:47:18', '00:00:00'),
(1252, 141002, '2015-08-10 08:23:43', NULL, NULL, NULL, NULL, NULL, NULL, '2015-08-10 12:30:08', '00:00:00', '00:23:43', '00:00:00'),
(1253, 141002, '2015-08-11 06:41:58', '2015-08-11 12:10:31', '2015-08-11 12:32:18', NULL, NULL, NULL, NULL, '2015-08-11 14:11:32', '00:00:00', '00:41:58', '00:00:00'),
(1254, 141002, '2015-08-12 06:40:34', '2015-08-12 10:01:21', '2015-08-12 10:20:24', NULL, NULL, NULL, NULL, '2015-08-12 14:29:55', '00:00:00', '00:40:34', '00:00:00'),
(1255, 141002, '2015-08-13 06:22:42', '2015-08-13 09:51:04', '2015-08-13 10:04:10', NULL, NULL, NULL, NULL, '2015-08-13 11:21:18', '02:38:42', '00:22:42', '00:00:00'),
(1256, 141002, '2015-08-15 06:24:11', NULL, NULL, NULL, NULL, NULL, NULL, '2015-08-15 11:59:18', '00:00:42', '00:24:11', '00:00:00'),
(1257, 1010062, '2015-08-03 08:13:07', NULL, NULL, NULL, NULL, NULL, NULL, '2015-08-03 12:17:45', '01:42:15', '02:13:07', '00:00:00'),
(1258, 1010062, '2015-08-04 06:25:25', '2015-08-04 11:11:06', '2015-08-04 11:28:45', NULL, NULL, NULL, NULL, '2015-08-04 14:15:54', '00:00:00', '00:25:25', '00:00:00'),
(1259, 1010062, '2015-08-05 05:56:51', '2015-08-05 11:13:02', '2015-08-05 11:34:30', NULL, NULL, NULL, NULL, '2015-08-05 14:09:26', '00:00:00', '00:00:00', '00:00:00'),
(1260, 1010062, '2015-08-06 06:07:34', '2015-08-06 09:02:17', '2015-08-06 09:26:28', NULL, NULL, NULL, NULL, '2015-08-06 14:03:40', '00:00:00', '00:07:34', '00:00:00'),
(1261, 1010062, '2015-08-10 08:05:53', NULL, NULL, NULL, NULL, NULL, NULL, '2015-08-10 12:29:32', '01:30:28', '02:05:53', '00:00:00'),
(1262, 1010062, '2015-08-12 06:10:04', '2015-08-12 10:52:23', '2015-08-12 11:12:12', NULL, NULL, NULL, NULL, '2015-08-12 14:04:57', '00:00:00', '00:10:04', '00:00:00'),
(1263, 1010062, '2015-08-13 06:30:17', NULL, NULL, NULL, NULL, NULL, NULL, '2015-08-13 14:17:26', '00:00:00', '00:30:17', '00:00:00'),
(1264, 1010062, '2015-08-14 06:03:02', '2015-08-14 11:06:16', '2015-08-14 11:27:33', NULL, NULL, NULL, NULL, '2015-08-14 14:02:57', '00:00:00', '00:03:02', '00:00:00'),
(1265, 140905, '2015-08-03 09:01:38', '2015-08-03 13:29:48', '2015-08-03 13:49:27', NULL, NULL, NULL, NULL, '2015-08-03 18:26:09', '00:00:00', '00:01:38', '00:04:39'),
(1266, 140905, '2015-08-04 09:07:14', '2015-08-04 13:23:22', '2015-08-04 13:38:12', NULL, NULL, NULL, NULL, '2015-08-04 19:00:47', '00:00:00', '00:07:14', '00:00:00'),
(1267, 140905, '2015-08-05 09:00:34', '2015-08-05 13:00:30', '2015-08-05 13:20:20', '2015-08-05 16:49:33', '2015-08-05 16:57:02', '2015-08-05 19:08:04', '2015-08-05 19:28:22', '2015-08-05 22:36:53', '00:00:00', '00:00:34', '00:10:08'),
(1268, 140905, '2015-08-06 09:04:04', '2015-08-06 13:06:08', '2015-08-06 13:21:50', '2015-08-06 19:03:17', '2015-08-06 19:15:37', NULL, NULL, '2015-08-06 22:33:04', '00:00:00', '00:04:04', '00:00:42'),
(1269, 140905, '2015-08-07 09:01:27', '2015-08-07 13:17:24', '2015-08-07 13:35:32', NULL, NULL, NULL, NULL, '2015-08-07 20:05:05', '00:00:00', '00:01:27', '00:03:08'),
(1270, 140905, '2015-08-11 08:59:31', '2015-08-11 13:13:30', '2015-08-11 13:37:46', NULL, NULL, NULL, NULL, '2015-08-11 18:20:14', '00:00:00', '00:00:00', '00:09:16'),
(1271, 140905, '2015-08-12 08:55:41', '2015-08-12 13:07:58', '2015-08-12 13:23:54', NULL, NULL, NULL, NULL, '2015-08-12 18:19:26', '00:00:00', '00:00:00', '00:00:56'),
(1272, 140905, '2015-08-13 08:59:55', '2015-08-13 13:03:46', '2015-08-13 13:31:53', NULL, NULL, NULL, NULL, '2015-08-13 18:17:53', '00:00:00', '00:00:00', '00:13:07'),
(1273, 140905, '2015-08-14 08:59:15', '2015-08-14 13:01:56', '2015-08-14 13:22:23', NULL, NULL, NULL, NULL, '2015-08-14 18:16:16', '00:00:00', '00:00:00', '00:05:27'),
(1274, 1203064, '2015-08-04 08:55:12', NULL, NULL, NULL, NULL, NULL, NULL, '2015-08-04 17:32:02', '00:00:00', '00:25:12', '00:00:00'),
(1275, 1203064, '2015-08-05 08:17:19', NULL, NULL, NULL, NULL, NULL, NULL, '2015-08-05 18:05:20', '00:00:00', '00:00:00', '00:00:00'),
(1276, 1203064, '2015-08-07 08:39:13', '2015-08-07 10:41:30', '2015-08-07 11:03:33', NULL, NULL, NULL, NULL, '2015-08-07 17:37:44', '00:00:00', '00:09:13', '00:07:03'),
(1277, 1203064, '2015-08-10 08:33:04', '2015-08-10 12:15:01', '2015-08-10 12:33:12', NULL, NULL, NULL, NULL, '2015-08-10 18:01:09', '00:00:00', '00:03:04', '00:03:11'),
(1278, 1203064, '2015-08-11 08:19:38', '2015-08-11 10:40:19', '2015-08-11 10:57:49', NULL, NULL, NULL, NULL, '2015-08-11 18:02:48', '00:00:00', '00:00:00', '00:02:30'),
(1279, 1203064, '2015-08-12 08:17:17', '2015-08-12 13:08:36', '2015-08-12 13:34:53', NULL, NULL, NULL, NULL, '2015-08-12 18:10:22', '00:00:00', '00:00:00', '00:11:17'),
(1280, 1203064, '2015-08-13 08:35:25', NULL, NULL, NULL, NULL, NULL, NULL, '2015-08-13 18:07:13', '00:00:00', '00:05:25', '00:00:00'),
(1281, 1203064, '2015-08-14 08:24:09', NULL, NULL, NULL, NULL, NULL, NULL, '2015-08-14 17:32:50', '00:00:00', '00:00:00', '00:00:00'),
(1282, 1203091, '2015-08-03 08:32:20', '2015-08-03 12:40:43', '2015-08-03 12:45:46', NULL, NULL, NULL, NULL, '2015-08-03 17:30:22', '00:00:00', '00:02:20', '00:00:00'),
(1283, 1203091, '2015-08-04 08:27:34', '2015-08-04 11:38:09', '2015-08-04 12:12:16', NULL, NULL, NULL, NULL, '2015-08-04 17:31:01', '00:00:00', '00:00:00', '00:19:07'),
(1284, 1203091, '2015-08-05 08:29:18', '2015-08-05 11:45:06', '2015-08-05 12:47:49', NULL, NULL, NULL, NULL, '2015-08-05 17:31:53', '00:00:00', '00:00:00', '00:47:43'),
(1285, 1203091, '2015-08-06 08:29:44', '2015-08-06 12:35:26', '2015-08-06 13:17:29', '2015-08-06 16:08:06', '2015-08-06 16:42:22', NULL, NULL, '2015-08-06 17:32:20', '00:00:00', '00:00:00', '00:27:03'),
(1286, 1203091, '2015-08-07 08:27:28', '2015-08-07 11:25:34', '2015-08-07 12:25:27', NULL, NULL, NULL, NULL, '2015-08-07 17:45:57', '00:00:00', '00:00:00', '00:44:53'),
(1287, 1203091, '2015-08-10 08:31:50', NULL, NULL, NULL, NULL, NULL, NULL, '2015-08-10 17:36:01', '00:00:00', '00:01:50', '00:00:00'),
(1288, 1203091, '2015-08-11 08:32:51', '2015-08-11 11:47:24', '2015-08-11 12:48:08', NULL, NULL, NULL, NULL, '2015-08-11 17:36:08', '00:00:00', '00:02:51', '00:45:44'),
(1289, 1203091, '2015-08-12 08:29:28', '2015-08-12 12:02:03', '2015-08-12 12:40:16', NULL, NULL, NULL, NULL, '2015-08-12 17:34:20', '00:00:00', '00:00:00', '00:23:13'),
(1290, 1203091, '2015-08-13 08:34:49', NULL, NULL, NULL, NULL, NULL, NULL, '2015-08-13 17:30:04', '00:00:00', '00:04:49', '00:00:00'),
(1291, 1203091, '2015-08-14 08:30:38', '2015-08-14 11:43:48', '2015-08-14 12:02:23', '2015-08-14 15:58:07', '2015-08-14 16:13:37', NULL, NULL, '2015-08-14 17:34:54', '00:00:00', '00:00:38', '00:03:35'),
(1292, 1203069, '2015-08-03 08:10:22', '2015-08-03 12:22:35', '2015-08-03 12:56:48', NULL, NULL, NULL, NULL, '2015-08-03 17:30:06', '00:00:00', '00:00:00', '00:19:13'),
(1293, 1203069, '2015-08-04 08:15:03', '2015-08-04 12:28:58', '2015-08-04 13:16:06', '2015-08-04 15:24:14', '2015-08-04 15:37:04', NULL, NULL, '2015-08-04 17:30:20', '00:00:00', '00:00:00', '00:32:08'),
(1294, 1203069, '2015-08-05 08:24:10', '2015-08-05 12:07:49', '2015-08-05 13:02:39', NULL, NULL, NULL, NULL, '2015-08-05 17:30:02', '00:00:00', '00:00:00', '00:39:50'),
(1295, 1203069, '2015-08-06 08:22:33', '2015-08-06 12:29:11', '2015-08-06 13:52:33', NULL, NULL, NULL, NULL, '2015-08-06 17:30:20', '00:00:00', '00:00:00', '01:08:22'),
(1296, 1203069, '2015-08-07 08:25:51', '2015-08-07 12:18:26', '2015-08-07 13:11:53', NULL, NULL, NULL, NULL, '2015-08-07 17:30:09', '00:00:00', '00:00:00', '00:38:27'),
(1297, 1203069, '2015-08-10 13:28:30', NULL, NULL, NULL, NULL, NULL, NULL, '2015-08-10 17:30:14', '00:00:00', '04:58:30', '00:00:00'),
(1298, 1203069, '2015-08-11 08:18:55', '2015-08-11 10:53:34', '2015-08-11 11:05:16', '2015-08-11 12:19:26', '2015-08-11 13:18:52', '2015-08-11 16:20:31', '2015-08-11 16:27:34', '2015-08-11 17:30:10', '00:00:00', '00:00:00', '00:00:00'),
(1299, 1203069, '2015-08-12 08:23:34', '2015-08-12 12:20:53', '2015-08-12 13:20:57', NULL, NULL, NULL, NULL, '2015-08-12 17:30:05', '00:00:00', '00:00:00', '00:45:04'),
(1300, 1203069, '2015-08-13 08:25:16', '2015-08-13 12:22:52', '2015-08-13 13:18:39', NULL, NULL, NULL, NULL, '2015-08-13 17:30:24', '00:00:00', '00:00:00', '00:40:47'),
(1301, 1203069, '2015-08-14 08:25:23', '2015-08-14 12:11:19', '2015-08-14 13:08:01', '2015-08-14 14:41:01', '2015-08-14 14:44:39', NULL, NULL, '2015-08-14 17:30:08', '00:00:00', '00:00:00', '00:41:42'),
(1302, 911131, '2015-08-03 08:56:20', '2015-08-03 11:39:21', '2015-08-03 12:03:40', NULL, NULL, NULL, NULL, '2015-08-03 14:05:24', '02:54:36', '00:00:00', '00:00:00'),
(1303, 911131, '2015-08-04 05:47:43', '2015-08-04 11:37:27', '2015-08-04 12:00:58', NULL, NULL, NULL, NULL, '2015-08-04 14:00:26', '02:59:34', '00:00:00', '00:00:00'),
(1304, 911131, '2015-08-05 05:51:37', '2015-08-05 11:33:49', '2015-08-05 11:55:05', NULL, NULL, NULL, NULL, '2015-08-05 14:07:40', '02:52:20', '00:00:00', '00:00:00'),
(1305, 911131, '2015-08-06 05:41:52', '2015-08-06 11:36:23', '2015-08-06 11:57:43', NULL, NULL, NULL, NULL, '2015-08-06 14:06:43', '02:53:17', '00:00:00', '00:00:00'),
(1306, 911131, '2015-08-07 05:39:19', '2015-08-07 11:36:29', '2015-08-07 11:58:06', NULL, NULL, NULL, NULL, '2015-08-07 14:09:04', '02:50:56', '00:00:00', '00:00:00'),
(1307, 911131, '2015-08-10 05:44:19', '2015-08-10 11:52:35', '2015-08-10 12:14:19', NULL, NULL, NULL, NULL, '2015-08-10 14:13:34', '02:46:26', '00:00:00', '00:00:00'),
(1308, 911131, '2015-08-11 05:55:19', '2015-08-11 11:38:28', '2015-08-11 12:01:44', NULL, NULL, NULL, NULL, '2015-08-11 14:08:49', '02:51:11', '00:00:00', '00:00:00'),
(1309, 911131, '2015-08-12 05:42:37', '2015-08-12 11:46:03', '2015-08-12 12:03:37', NULL, NULL, NULL, NULL, '2015-08-12 14:05:25', '02:54:35', '00:00:00', '00:00:00'),
(1310, 911131, '2015-08-13 05:40:40', '2015-08-13 11:35:45', '2015-08-13 11:58:58', NULL, NULL, NULL, NULL, '2015-08-13 14:15:25', '02:44:35', '00:00:00', '00:00:00'),
(1311, 911131, '2015-08-14 05:47:42', '2015-08-14 11:39:06', '2015-08-14 12:00:52', NULL, NULL, NULL, NULL, '2015-08-14 14:05:52', '02:54:08', '00:00:00', '00:00:00'),
(1312, 1203050, '2015-08-03 08:17:52', '2015-08-03 11:38:42', '2015-08-03 12:03:47', NULL, NULL, NULL, NULL, '2015-08-03 17:31:11', '00:00:00', '00:00:00', '00:10:05'),
(1313, 1203050, '2015-08-04 08:19:30', '2015-08-04 11:37:06', '2015-08-04 11:59:00', NULL, NULL, NULL, NULL, '2015-08-04 17:31:07', '00:00:00', '00:00:00', '00:06:54'),
(1314, 1203050, '2015-08-05 08:13:19', '2015-08-05 11:33:25', '2015-08-05 11:54:56', NULL, NULL, NULL, NULL, '2015-08-05 17:30:10', '00:00:00', '00:00:00', '00:06:31'),
(1315, 1203050, '2015-08-06 08:19:38', '2015-08-06 11:36:13', '2015-08-06 11:58:04', NULL, NULL, NULL, NULL, '2015-08-06 17:30:04', '00:00:00', '00:00:00', '00:06:51'),
(1316, 1203050, '2015-08-07 05:46:52', '2015-08-07 11:36:01', '2015-08-07 11:57:53', NULL, NULL, NULL, NULL, '2015-08-07 14:03:29', '00:00:00', '00:00:00', '00:00:00'),
(1317, 1203050, '2015-08-10 08:17:47', '2015-08-10 11:52:23', '2015-08-10 12:14:05', NULL, NULL, NULL, NULL, '2015-08-10 17:33:16', '00:00:00', '00:00:00', '00:06:42'),
(1318, 1203050, '2015-08-11 08:13:10', '2015-08-11 11:38:10', '2015-08-11 12:01:03', NULL, NULL, NULL, NULL, '2015-08-11 17:32:53', '00:00:00', '00:00:00', '00:07:53'),
(1319, 1203050, '2015-08-12 08:19:11', '2015-08-12 11:45:06', '2015-08-12 12:04:20', NULL, NULL, NULL, NULL, '2015-08-12 17:32:48', '00:00:00', '00:00:00', '00:04:14'),
(1320, 1203050, '2015-08-13 08:10:01', '2015-08-13 11:34:31', '2015-08-13 11:59:06', NULL, NULL, NULL, NULL, '2015-08-13 17:30:49', '00:00:00', '00:00:00', '00:09:35'),
(1321, 1203050, '2015-08-14 08:18:56', '2015-08-14 11:38:56', '2015-08-14 12:01:09', NULL, NULL, NULL, NULL, '2015-08-14 17:30:13', '00:00:00', '00:00:00', '00:07:13'),
(1322, 1203008, '2015-08-03 06:00:04', '2015-08-03 11:38:59', '2015-08-03 12:03:29', NULL, NULL, NULL, NULL, '2015-08-03 14:05:07', '02:54:53', '00:00:00', '00:00:00'),
(1323, 1203008, '2015-08-04 05:57:19', NULL, NULL, NULL, NULL, NULL, NULL, '2015-08-04 14:03:25', '02:56:35', '00:00:00', '00:00:00'),
(1324, 1203008, '2015-08-05 06:03:39', '2015-08-05 11:33:40', '2015-08-05 11:54:11', NULL, NULL, NULL, NULL, '2015-08-05 14:07:48', '02:52:12', '00:00:00', '00:00:00'),
(1325, 1203008, '2015-08-06 06:00:38', '2015-08-06 11:36:38', '2015-08-06 11:57:51', NULL, NULL, NULL, NULL, '2015-08-06 14:06:10', '02:53:50', '00:00:00', '00:00:00'),
(1326, 1203008, '2015-08-07 05:59:19', '2015-08-07 11:36:20', '2015-08-07 11:57:48', NULL, NULL, NULL, NULL, '2015-08-07 14:32:44', '02:27:16', '00:00:00', '00:00:00'),
(1327, 1203008, '2015-08-10 05:58:08', '2015-08-10 11:52:48', '2015-08-10 12:13:59', NULL, NULL, NULL, NULL, '2015-08-10 14:15:33', '02:44:27', '00:00:00', '00:00:00'),
(1328, 1203008, '2015-08-11 06:03:54', '2015-08-11 11:38:36', '2015-08-11 12:00:57', NULL, NULL, NULL, NULL, '2015-08-11 14:08:29', '02:51:31', '00:00:00', '00:00:00'),
(1329, 1203008, '2015-08-12 05:57:58', '2015-08-12 11:46:12', '2015-08-12 12:04:14', NULL, NULL, NULL, NULL, '2015-08-12 14:06:08', '02:53:52', '00:00:00', '00:00:00'),
(1330, 1203008, '2015-08-13 06:00:37', '2015-08-13 11:35:35', '2015-08-13 11:58:42', NULL, NULL, NULL, NULL, '2015-08-13 14:18:22', '02:41:38', '00:00:00', '00:00:00'),
(1331, 1203008, '2015-08-14 05:59:28', '2015-08-14 11:39:17', '2015-08-14 12:01:02', NULL, NULL, NULL, NULL, '2015-08-14 14:10:22', '02:49:38', '00:00:00', '00:00:00'),
(1332, 141103, '2015-08-03 08:06:13', '2015-08-03 12:03:14', '2015-08-03 12:29:59', NULL, NULL, NULL, NULL, '2015-08-03 17:32:09', '00:00:00', '00:00:00', '00:11:45'),
(1333, 141103, '2015-08-04 05:50:45', '2015-08-04 11:01:40', '2015-08-04 11:22:28', NULL, NULL, NULL, NULL, '2015-08-04 14:01:45', '00:00:00', '00:00:00', '00:00:00'),
(1334, 141103, '2015-08-05 05:47:58', '2015-08-05 11:11:23', '2015-08-05 11:31:43', NULL, NULL, NULL, NULL, '2015-08-05 14:02:01', '00:00:00', '00:00:00', '00:00:00'),
(1335, 141103, '2015-08-06 05:48:17', '2015-08-06 11:02:01', '2015-08-06 11:19:32', NULL, NULL, NULL, NULL, '2015-08-06 14:03:09', '00:00:00', '00:00:00', '00:00:00'),
(1336, 141103, '2015-08-07 05:49:53', '2015-08-07 11:03:06', '2015-08-07 11:24:04', NULL, NULL, NULL, NULL, '2015-08-07 14:04:49', '00:00:00', '00:00:00', '00:00:00'),
(1337, 141103, '2015-08-10 05:45:31', '2015-08-10 11:01:37', '2015-08-10 11:19:41', NULL, NULL, NULL, NULL, '2015-08-10 14:01:52', '00:00:00', '00:00:00', '00:00:00'),
(1338, 141103, '2015-08-11 05:44:55', '2015-08-11 11:01:40', '2015-08-11 11:21:10', NULL, NULL, NULL, NULL, '2015-08-11 14:03:48', '00:00:00', '00:00:00', '00:00:00'),
(1339, 141103, '2015-08-12 05:46:43', '2015-08-12 11:04:10', '2015-08-12 11:23:36', NULL, NULL, NULL, NULL, '2015-08-12 14:01:42', '00:00:00', '00:00:00', '00:00:00'),
(1340, 141103, '2015-08-13 05:41:56', '2015-08-13 11:02:14', '2015-08-13 11:24:04', NULL, NULL, NULL, NULL, '2015-08-13 14:02:12', '00:00:00', '00:00:00', '00:00:00'),
(1341, 141103, '2015-08-14 05:46:22', '2015-08-14 11:01:25', '2015-08-14 11:21:35', NULL, NULL, NULL, NULL, '2015-08-14 14:01:06', '00:00:00', '00:00:00', '00:00:00'),
(1342, 1101010, '2015-08-03 09:06:35', NULL, NULL, NULL, NULL, NULL, NULL, '2015-08-03 17:11:09', '00:00:00', '00:06:35', '00:00:00'),
(1343, 1101010, '2015-08-04 09:01:05', NULL, NULL, NULL, NULL, NULL, NULL, '2015-08-04 17:52:24', '00:00:00', '00:01:05', '00:00:00'),
(1344, 1101010, '2015-08-05 12:19:35', NULL, NULL, NULL, NULL, NULL, NULL, '2015-08-05 17:11:11', '00:00:00', '03:19:35', '00:00:00'),
(1345, 1101010, '2015-08-06 08:58:24', NULL, NULL, NULL, NULL, NULL, NULL, '2015-08-06 17:07:39', '00:00:00', '00:00:00', '00:00:00'),
(1346, 1101010, '2015-08-07 08:55:41', NULL, NULL, NULL, NULL, NULL, NULL, '2015-08-07 17:08:35', '00:00:00', '00:00:00', '00:00:00'),
(1347, 1101010, '2015-08-10 08:58:13', NULL, NULL, NULL, NULL, NULL, NULL, '2015-08-10 17:09:03', '00:00:00', '00:00:00', '00:00:00'),
(1348, 1101010, '2015-08-11 09:03:24', NULL, NULL, NULL, NULL, NULL, NULL, '2015-08-11 17:11:20', '00:00:00', '00:03:24', '00:00:00'),
(1349, 1101010, '2015-08-12 08:51:41', NULL, NULL, NULL, NULL, NULL, NULL, '2015-08-12 17:08:18', '00:00:00', '00:00:00', '00:00:00'),
(1350, 1101010, '2015-08-13 09:01:19', NULL, NULL, NULL, NULL, NULL, NULL, '2015-08-13 17:12:08', '00:00:00', '00:01:19', '00:00:00'),
(1351, 1101010, '2015-08-14 08:55:21', NULL, NULL, NULL, NULL, NULL, NULL, '2015-08-14 17:07:58', '00:00:00', '00:00:00', '00:00:00'),
(1352, 1203072, '2015-08-03 08:25:47', '2015-08-03 11:49:58', '2015-08-03 12:27:27', NULL, NULL, NULL, NULL, '2015-08-03 17:31:03', '00:00:00', '00:00:00', '00:22:29'),
(1353, 1203072, '2015-08-04 08:29:34', '2015-08-04 11:30:10', '2015-08-04 11:45:10', NULL, NULL, NULL, NULL, '2015-08-04 17:30:07', '00:00:00', '00:00:00', '00:00:00'),
(1354, 1203072, '2015-08-05 08:23:31', '2015-08-05 11:24:30', '2015-08-05 11:37:03', NULL, NULL, NULL, NULL, '2015-08-05 17:31:17', '00:00:00', '00:00:00', '00:00:00'),
(1355, 1203072, '2015-08-06 08:31:29', '2015-08-06 11:14:27', '2015-08-06 11:28:01', NULL, NULL, NULL, NULL, '2015-08-06 17:30:44', '00:00:00', '00:01:29', '00:00:00'),
(1356, 1203072, '2015-08-07 08:41:57', '2015-08-07 10:16:02', '2015-08-07 10:28:50', NULL, NULL, NULL, NULL, '2015-08-07 17:33:26', '00:00:00', '00:11:57', '00:00:00'),
(1357, 1203072, '2015-08-10 08:42:48', '2015-08-10 11:13:25', '2015-08-10 11:24:43', NULL, NULL, NULL, NULL, '2015-08-10 17:31:25', '00:00:00', '00:12:48', '00:00:00'),
(1358, 1203072, '2015-08-11 08:38:26', '2015-08-11 09:56:10', '2015-08-11 10:06:17', NULL, NULL, NULL, NULL, '2015-08-11 17:31:35', '00:00:00', '00:08:26', '00:00:00'),
(1359, 1203072, '2015-08-12 08:35:56', '2015-08-12 13:01:14', '2015-08-12 13:10:17', NULL, NULL, NULL, NULL, '2015-08-12 17:31:04', '00:00:00', '00:05:56', '00:00:00'),
(1360, 1203072, '2015-08-13 08:23:46', '2015-08-13 11:12:27', '2015-08-13 11:25:57', NULL, NULL, NULL, NULL, '2015-08-13 17:31:08', '00:00:00', '00:00:00', '00:00:00'),
(1361, 1203072, '2015-08-14 07:58:08', '2015-08-14 11:25:32', '2015-08-14 11:38:02', NULL, NULL, NULL, NULL, '2015-08-14 16:02:53', '00:00:00', '00:00:00', '00:00:00'),
(1362, 1203042, '2015-08-03 08:28:33', '2015-08-03 11:34:04', '2015-08-03 11:57:02', NULL, NULL, NULL, NULL, '2015-08-03 17:34:06', '00:00:00', '00:00:00', '00:07:58'),
(1363, 1203042, '2015-08-04 08:28:32', '2015-08-04 11:29:33', '2015-08-04 11:47:32', NULL, NULL, NULL, NULL, '2015-08-04 17:31:35', '00:00:00', '00:00:00', '00:02:59'),
(1364, 1203042, '2015-08-05 08:29:04', '2015-08-05 11:29:17', '2015-08-05 11:49:51', NULL, NULL, NULL, NULL, '2015-08-05 17:32:46', '00:00:00', '00:00:00', '00:05:34'),
(1365, 1203042, '2015-08-06 08:26:57', '2015-08-06 11:29:34', '2015-08-06 11:55:16', NULL, NULL, NULL, NULL, '2015-08-06 17:35:04', '00:00:00', '00:00:00', '00:10:42'),
(1366, 1203042, '2015-08-10 08:37:03', '2015-08-10 11:27:43', '2015-08-10 11:48:01', NULL, NULL, NULL, NULL, '2015-08-10 17:30:45', '00:00:00', '00:07:03', '00:05:18'),
(1367, 1203042, '2015-08-11 08:32:39', '2015-08-11 11:30:46', '2015-08-11 11:55:53', NULL, NULL, NULL, NULL, '2015-08-11 17:33:40', '00:00:00', '00:02:39', '00:10:07'),
(1368, 1203042, '2015-08-12 08:27:56', '2015-08-12 11:30:46', '2015-08-12 11:53:40', NULL, NULL, NULL, NULL, '2015-08-12 17:31:18', '00:00:00', '00:00:00', '00:07:54'),
(1369, 1203042, '2015-08-13 08:30:41', '2015-08-13 11:28:48', '2015-08-13 11:51:04', NULL, NULL, NULL, NULL, '2015-08-13 17:31:45', '00:00:00', '00:00:41', '00:07:16'),
(1370, 1203042, '2015-08-14 08:32:31', '2015-08-14 11:27:48', '2015-08-14 11:47:47', NULL, NULL, NULL, NULL, '2015-08-14 17:32:24', '00:00:00', '00:02:31', '00:04:59'),
(1371, 811086, '2015-08-03 08:58:18', NULL, NULL, NULL, NULL, NULL, NULL, '2015-08-03 17:34:34', '00:00:00', '00:00:00', '00:00:00'),
(1372, 811086, '2015-08-04 09:05:09', NULL, NULL, NULL, NULL, NULL, NULL, '2015-08-04 17:20:42', '00:00:00', '00:05:09', '00:00:00'),
(1373, 811086, '2015-08-05 08:54:24', NULL, NULL, NULL, NULL, NULL, NULL, '2015-08-05 17:33:53', '00:00:00', '00:00:00', '00:00:00'),
(1374, 811086, '2015-08-06 08:59:55', NULL, NULL, NULL, NULL, NULL, NULL, '2015-08-06 17:41:51', '00:00:00', '00:00:00', '00:00:00'),
(1375, 811086, '2015-08-07 08:59:55', NULL, NULL, NULL, NULL, NULL, NULL, '2015-08-07 17:12:21', '00:00:00', '00:00:00', '00:00:00'),
(1376, 811086, '2015-08-10 12:57:38', NULL, NULL, NULL, NULL, NULL, NULL, '2015-08-10 17:44:44', '00:00:00', '03:57:38', '00:00:00'),
(1377, 811086, '2015-08-11 09:01:52', NULL, NULL, NULL, NULL, NULL, NULL, '2015-08-11 17:11:27', '00:00:00', '00:01:52', '00:00:00'),
(1378, 811086, '2015-08-12 08:54:00', NULL, NULL, NULL, NULL, NULL, NULL, '2015-08-12 17:05:37', '00:00:00', '00:00:00', '00:00:00'),
(1379, 811086, '2015-08-13 10:09:13', NULL, NULL, NULL, NULL, NULL, NULL, '2015-08-13 17:11:35', '00:00:00', '01:09:13', '00:00:00'),
(1380, 811086, '2015-08-14 08:59:45', NULL, NULL, NULL, NULL, NULL, NULL, '2015-08-14 17:03:05', '00:00:00', '00:00:00', '00:00:00'),
(1381, 801002, '2015-08-03 08:48:30', '2015-08-03 11:43:04', '2015-08-03 12:10:43', NULL, NULL, NULL, NULL, '2015-08-03 17:08:07', '00:00:00', '00:00:00', '00:00:00'),
(1382, 801002, '2015-08-04 08:36:12', NULL, NULL, NULL, NULL, NULL, NULL, '2015-08-04 13:02:42', '03:57:18', '00:00:00', '00:00:00'),
(1383, 801002, '2015-08-05 08:51:13', '2015-08-05 11:50:34', '2015-08-05 12:08:50', NULL, NULL, NULL, NULL, '2015-08-05 17:06:45', '00:00:00', '00:00:00', '00:00:00'),
(1384, 801002, '2015-08-06 08:47:30', NULL, NULL, NULL, NULL, NULL, NULL, '2015-08-06 17:14:22', '00:00:00', '00:00:00', '00:00:00'),
(1385, 801002, '2015-08-07 08:48:51', '2015-08-07 12:20:27', '2015-08-07 12:41:45', NULL, NULL, NULL, NULL, '2015-08-07 17:05:26', '00:00:00', '00:00:00', '00:00:00'),
(1386, 801002, '2015-08-10 09:01:52', '2015-08-10 12:40:13', '2015-08-10 12:50:26', NULL, NULL, NULL, NULL, '2015-08-10 17:05:00', '00:00:00', '00:01:52', '00:00:00'),
(1387, 801002, '2015-08-11 09:04:21', NULL, NULL, NULL, NULL, NULL, NULL, '2015-08-11 17:06:58', '00:00:00', '00:04:21', '00:00:00'),
(1388, 801002, '2015-08-12 08:48:20', '2015-08-12 15:39:34', '2015-08-12 15:45:20', NULL, NULL, NULL, NULL, '2015-08-12 17:00:48', '00:00:00', '00:00:00', '00:00:00'),
(1389, 801002, '2015-08-13 08:52:36', '2015-08-13 11:13:00', '2015-08-13 12:18:39', NULL, NULL, NULL, NULL, '2015-08-13 17:04:31', '00:00:00', '00:00:00', '00:35:39'),
(1390, 1203029, '2015-08-03 08:41:51', NULL, NULL, NULL, NULL, NULL, NULL, '2015-08-03 17:10:30', '00:00:00', '00:00:00', '00:00:00'),
(1391, 1203029, '2015-08-04 08:46:14', NULL, NULL, NULL, NULL, NULL, NULL, '2015-08-04 17:01:23', '00:00:00', '00:00:00', '00:00:00'),
(1392, 1203029, '2015-08-05 08:58:57', NULL, NULL, NULL, NULL, NULL, NULL, '2015-08-05 17:03:16', '00:00:00', '00:00:00', '00:00:00'),
(1393, 1203029, '2015-08-06 08:42:59', '2015-08-06 13:07:33', '2015-08-06 13:19:58', NULL, NULL, NULL, NULL, '2015-08-06 17:19:22', '00:00:00', '00:00:00', '00:00:00'),
(1394, 1203029, '2015-08-07 08:46:32', NULL, NULL, NULL, NULL, NULL, NULL, '2015-08-07 17:13:01', '00:00:00', '00:00:00', '00:00:00'),
(1395, 1203029, '2015-08-10 08:51:55', NULL, NULL, NULL, NULL, NULL, NULL, '2015-08-10 17:01:10', '00:00:00', '00:00:00', '00:00:00'),
(1396, 1203029, '2015-08-11 08:51:10', NULL, NULL, NULL, NULL, NULL, NULL, '2015-08-11 17:02:49', '00:00:00', '00:00:00', '00:00:00'),
(1397, 1203029, '2015-08-12 08:49:15', NULL, NULL, NULL, NULL, NULL, NULL, '2015-08-12 17:10:53', '00:00:00', '00:00:00', '00:00:00'),
(1398, 1203029, '2015-08-13 08:47:34', NULL, NULL, NULL, NULL, NULL, NULL, '2015-08-13 17:02:39', '00:00:00', '00:00:00', '00:00:00'),
(1399, 1203029, '2015-08-14 08:51:54', NULL, NULL, NULL, NULL, NULL, NULL, '2015-08-14 17:01:03', '00:00:00', '00:00:00', '00:00:00'),
(1400, 150502, '2015-08-03 08:25:28', '2015-08-03 11:28:27', '2015-08-03 12:14:01', NULL, NULL, NULL, NULL, '2015-08-03 17:34:47', '00:00:00', '00:00:00', '00:30:34'),
(1401, 150502, '2015-08-04 08:23:50', '2015-08-04 10:47:30', '2015-08-04 11:02:02', '2015-08-04 12:13:21', '2015-08-04 13:13:13', NULL, NULL, '2015-08-04 17:52:15', '00:00:00', '00:00:00', '00:00:00'),
(1402, 150502, '2015-08-05 12:47:43', NULL, NULL, NULL, NULL, NULL, NULL, '2015-08-05 17:59:38', '00:00:00', '04:17:43', '00:00:00'),
(1403, 150502, '2015-08-06 08:22:17', '2015-08-06 11:36:02', '2015-08-06 12:23:12', NULL, NULL, NULL, NULL, '2015-08-06 18:04:23', '00:00:00', '00:00:00', '00:32:10'),
(1404, 150502, '2015-08-07 08:27:35', NULL, NULL, NULL, NULL, NULL, NULL, '2015-08-07 17:43:25', '00:00:00', '00:00:00', '00:00:00'),
(1405, 150502, '2015-08-10 08:27:43', '2015-08-10 12:29:46', '2015-08-10 13:55:52', NULL, NULL, NULL, NULL, '2015-08-10 17:56:14', '00:00:00', '00:00:00', '01:11:06'),
(1406, 150502, '2015-08-11 08:29:47', '2015-08-11 12:42:05', '2015-08-11 13:31:53', NULL, NULL, NULL, NULL, '2015-08-11 17:57:26', '00:00:00', '00:00:00', '00:34:48'),
(1407, 150502, '2015-08-12 08:34:41', '2015-08-12 11:46:58', '2015-08-12 12:07:40', NULL, NULL, NULL, NULL, '2015-08-12 17:29:21', '00:00:39', '00:04:41', '00:05:42'),
(1408, 150502, '2015-08-13 08:29:49', '2015-08-13 11:35:51', '2015-08-13 11:47:55', NULL, NULL, NULL, NULL, '2015-08-13 17:36:09', '00:00:00', '00:00:00', '00:00:00'),
(1409, 150502, '2015-08-14 08:29:48', '2015-08-14 11:54:01', '2015-08-14 12:34:02', NULL, NULL, NULL, NULL, '2015-08-14 17:39:26', '00:00:00', '00:00:00', '00:25:01'),
(1410, 1203026, '2015-08-03 08:20:52', '2015-08-03 11:38:54', '2015-08-03 12:04:04', NULL, NULL, NULL, NULL, '2015-08-03 18:29:17', '00:00:00', '00:00:00', '00:00:00'),
(1411, 1203026, '2015-08-04 08:25:51', '2015-08-04 11:37:15', '2015-08-04 11:58:53', NULL, NULL, NULL, NULL, '2015-08-04 18:32:24', '00:00:00', '00:00:00', '00:00:00'),
(1412, 1203026, '2015-08-05 08:08:36', '2015-08-05 11:33:32', '2015-08-05 11:55:13', NULL, NULL, NULL, NULL, '2015-08-05 17:30:16', '00:00:00', '00:00:00', '00:00:00'),
(1413, 1203026, '2015-08-06 08:14:19', '2015-08-06 11:35:37', '2015-08-06 11:57:57', NULL, NULL, NULL, NULL, '2015-08-06 17:42:01', '00:00:00', '00:00:00', '00:00:00'),
(1414, 1203026, '2015-08-07 08:27:56', '2015-08-07 11:36:08', '2015-08-07 11:58:00', NULL, NULL, NULL, NULL, '2015-08-07 17:57:08', '00:00:00', '00:00:00', '00:00:00'),
(1415, 1203026, '2015-08-10 08:23:55', '2015-08-10 11:52:08', '2015-08-10 12:14:11', NULL, NULL, NULL, NULL, '2015-08-10 17:37:45', '00:00:00', '00:00:00', '00:00:00'),
(1416, 1203026, '2015-08-11 08:29:36', '2015-08-11 11:38:16', '2015-08-11 12:01:10', NULL, NULL, NULL, NULL, '2015-08-11 17:49:16', '00:00:00', '00:00:00', '00:00:00'),
(1417, 1203026, '2015-08-12 08:22:06', '2015-08-12 11:45:14', '2015-08-12 12:03:48', NULL, NULL, NULL, NULL, '2015-08-12 18:31:24', '00:00:00', '00:00:00', '00:00:00'),
(1418, 1203026, '2015-08-13 08:30:10', '2015-08-13 11:35:27', '2015-08-13 11:59:13', NULL, NULL, NULL, NULL, '2015-08-13 18:14:58', '00:00:00', '00:00:00', '00:00:00'),
(1419, 1203026, '2015-08-14 08:28:20', '2015-08-14 11:37:43', '2015-08-14 12:00:34', NULL, NULL, NULL, NULL, '2015-08-14 17:41:10', '00:00:00', '00:00:00', '00:00:00'),
(1420, 140904, '2015-08-03 08:13:38', NULL, NULL, NULL, NULL, NULL, NULL, '2015-08-03 12:09:12', '01:50:48', '02:13:38', '00:00:00'),
(1421, 140904, '2015-08-04 06:45:54', '2015-08-04 11:11:35', '2015-08-04 11:28:37', NULL, NULL, NULL, NULL, '2015-08-04 14:13:54', '00:00:00', '00:45:54', '00:00:00'),
(1422, 140904, '2015-08-06 06:54:21', '2015-08-06 09:02:09', '2015-08-06 09:26:11', NULL, NULL, NULL, NULL, '2015-08-06 14:01:50', '00:00:00', '00:54:21', '00:00:00'),
(1423, 140904, '2015-08-07 07:05:36', '2015-08-07 12:57:26', '2015-08-07 13:19:29', NULL, NULL, NULL, NULL, '2015-08-07 14:42:56', '00:00:00', '01:05:36', '00:00:00'),
(1424, 140904, '2015-08-10 07:24:27', '2015-08-10 09:17:00', '2015-08-10 09:36:45', NULL, NULL, NULL, NULL, '2015-08-10 12:31:48', '01:28:12', '01:24:27', '00:00:00'),
(1425, 140904, '2015-08-11 07:00:48', '2015-08-11 12:12:04', '2015-08-11 12:34:49', NULL, NULL, NULL, NULL, '2015-08-11 14:41:21', '00:18:39', '00:00:48', '00:00:00'),
(1426, 140904, '2015-08-12 06:53:09', '2015-08-12 09:07:14', '2015-08-12 09:34:20', NULL, NULL, NULL, NULL, '2015-08-12 15:13:47', '00:00:00', '00:00:00', '00:00:00'),
(1427, 140904, '2015-08-13 07:05:24', '2015-08-13 12:24:05', '2015-08-13 12:45:37', NULL, NULL, NULL, NULL, '2015-08-13 15:05:45', '00:00:00', '00:05:24', '00:00:00'),
(1428, 140904, '2015-08-14 07:10:48', '2015-08-14 11:08:24', '2015-08-14 11:27:25', NULL, NULL, NULL, NULL, '2015-08-14 15:02:11', '00:00:00', '00:10:48', '00:00:00'),
(1429, 1203036, '2015-08-04 05:01:57', NULL, NULL, NULL, NULL, NULL, NULL, '2015-08-04 20:51:43', '00:00:00', '00:00:00', '00:00:00'),
(1430, 1203036, '2015-08-05 05:09:08', NULL, NULL, NULL, NULL, NULL, NULL, '2015-08-05 20:46:57', '00:00:00', '00:00:00', '00:00:00'),
(1431, 1203036, '2015-08-06 05:07:43', NULL, NULL, NULL, NULL, NULL, NULL, '2015-08-06 20:50:45', '00:00:00', '00:00:00', '00:00:00'),
(1432, 1203036, '2015-08-11 05:04:30', NULL, NULL, NULL, NULL, NULL, NULL, '2015-08-11 20:48:14', '00:00:00', '00:00:00', '00:00:00'),
(1433, 1203036, '2015-08-12 05:07:53', NULL, NULL, NULL, NULL, NULL, NULL, '2015-08-12 20:50:27', '00:00:00', '00:00:00', '00:00:00'),
(1434, 1203036, '2015-08-13 05:29:23', NULL, NULL, NULL, NULL, NULL, NULL, '2015-08-13 20:49:10', '00:00:00', '00:00:00', '00:00:00'),
(1435, 1203036, '2015-08-14 05:01:47', '2015-08-14 17:09:49', '2015-08-14 19:14:00', NULL, NULL, NULL, NULL, '2015-08-14 19:42:46', '00:00:00', '00:00:00', '01:34:11'),
(1436, 140702, '2015-08-03 08:01:16', '2015-08-03 12:16:42', '2015-08-03 12:56:17', NULL, NULL, NULL, NULL, '2015-08-03 18:48:55', '00:00:00', '00:00:00', '00:24:35'),
(1437, 140702, '2015-08-04 06:45:46', '2015-08-04 12:31:40', '2015-08-04 13:15:06', NULL, NULL, NULL, NULL, '2015-08-04 18:16:25', '00:00:00', '00:00:00', '00:28:26'),
(1438, 140702, '2015-08-06 06:47:08', '2015-08-06 12:07:08', '2015-08-06 12:34:04', NULL, NULL, NULL, NULL, '2015-08-06 17:52:37', '00:00:00', '00:00:00', '00:11:56'),
(1439, 140702, '2015-08-07 06:49:09', '2015-08-07 12:02:19', '2015-08-07 12:33:22', NULL, NULL, NULL, NULL, '2015-08-07 18:08:24', '00:00:00', '00:00:00', '00:16:03'),
(1440, 140702, '2015-08-10 06:25:54', '2015-08-10 12:31:04', '2015-08-10 13:00:45', NULL, NULL, NULL, NULL, '2015-08-10 17:40:44', '00:00:00', '00:00:00', '00:14:41'),
(1441, 140702, '2015-08-11 06:47:15', '2015-08-11 12:12:40', '2015-08-11 12:43:15', NULL, NULL, NULL, NULL, '2015-08-11 18:09:01', '00:00:00', '00:00:00', '00:15:35'),
(1442, 140702, '2015-08-12 06:43:30', '2015-08-12 12:04:27', '2015-08-12 12:34:33', NULL, NULL, NULL, NULL, '2015-08-12 18:04:56', '00:00:00', '00:00:00', '00:15:06'),
(1443, 140702, '2015-08-13 07:50:17', '2015-08-13 12:14:37', '2015-08-13 12:32:35', NULL, NULL, NULL, NULL, '2015-08-13 18:00:21', '00:00:00', '00:00:00', '00:02:58'),
(1444, 140702, '2015-08-14 06:39:54', '2015-08-14 12:14:52', '2015-08-14 12:35:32', NULL, NULL, NULL, NULL, '2015-08-14 18:17:20', '00:00:00', '00:00:00', '00:05:40'),
(1445, 150103, '2015-08-03 09:58:20', '2015-08-03 12:25:04', '2015-08-03 12:42:34', NULL, NULL, NULL, NULL, '2015-08-03 18:24:09', '00:00:00', '00:58:20', '00:02:30'),
(1446, 150103, '2015-08-04 09:24:47', '2015-08-04 10:07:06', '2015-08-04 10:25:53', '2015-08-04 12:08:53', '2015-08-04 12:25:06', NULL, NULL, '2015-08-04 18:33:57', '00:00:00', '00:24:47', '00:03:47'),
(1447, 150103, '2015-08-05 09:41:24', '2015-08-05 10:27:13', '2015-08-05 10:43:33', '2015-08-05 12:34:32', '2015-08-05 12:53:11', NULL, NULL, '2015-08-05 18:12:07', '00:00:00', '00:41:24', '00:01:20'),
(1448, 150103, '2015-08-06 10:12:17', '2015-08-06 12:13:42', '2015-08-06 12:37:23', NULL, NULL, NULL, NULL, '2015-08-06 18:12:23', '00:00:00', '01:12:17', '00:08:41'),
(1449, 150103, '2015-08-07 09:51:37', '2015-08-07 12:15:43', '2015-08-07 12:36:26', NULL, NULL, NULL, NULL, '2015-08-07 18:03:41', '00:00:00', '00:51:37', '00:05:43'),
(1450, 150103, '2015-08-10 09:04:49', '2015-08-10 10:04:57', '2015-08-10 10:23:30', '2015-08-10 12:36:33', '2015-08-10 13:11:41', NULL, NULL, '2015-08-10 18:14:54', '00:00:00', '00:04:49', '00:03:33'),
(1451, 150103, '2015-08-11 09:21:25', '2015-08-11 12:09:23', '2015-08-11 12:30:20', NULL, NULL, NULL, NULL, '2015-08-11 18:19:29', '00:00:00', '00:21:25', '00:05:57'),
(1452, 150103, '2015-08-12 09:06:49', '2015-08-12 12:18:27', '2015-08-12 12:37:04', '2015-08-12 16:17:30', '2015-08-12 16:22:14', NULL, NULL, '2015-08-12 18:18:22', '00:00:00', '00:06:49', '00:03:37'),
(1453, 150103, '2015-08-13 08:57:30', '2015-08-13 09:39:46', '2015-08-13 09:56:48', '2015-08-13 12:06:31', '2015-08-13 12:23:47', NULL, NULL, '2015-08-13 18:08:30', '00:00:00', '00:00:00', '00:02:02'),
(1454, 150103, '2015-08-14 09:36:13', '2015-08-14 12:25:37', '2015-08-14 12:59:25', NULL, NULL, NULL, NULL, '2015-08-14 19:02:29', '00:00:00', '00:36:13', '00:18:48'),
(1455, 140903, '2015-08-04 07:02:13', NULL, NULL, NULL, NULL, NULL, NULL, '2015-08-04 22:15:57', '00:00:00', '00:00:00', '00:00:00'),
(1456, 140903, '2015-08-05 06:59:49', NULL, NULL, NULL, NULL, NULL, NULL, '2015-08-05 22:06:07', '00:00:00', '00:00:00', '00:00:00'),
(1457, 140903, '2015-08-11 07:02:16', NULL, NULL, NULL, NULL, NULL, NULL, '2015-08-11 20:36:04', '00:00:00', '00:00:00', '00:00:00'),
(1458, 140903, '2015-08-12 07:00:26', NULL, NULL, NULL, NULL, NULL, NULL, '2015-08-12 21:36:44', '00:00:00', '00:00:00', '00:00:00'),
(1459, 140903, '2015-08-13 07:00:22', NULL, NULL, NULL, NULL, NULL, NULL, '2015-08-13 21:50:44', '00:00:00', '00:00:00', '00:00:00'),
(1460, 140903, '2015-08-14 07:01:58', NULL, NULL, NULL, NULL, NULL, NULL, '2015-08-14 16:16:27', '00:00:00', '00:00:00', '00:00:00'),
(1461, 1203090, '2015-08-04 07:02:20', NULL, NULL, NULL, NULL, NULL, NULL, '2015-08-04 22:23:21', '00:00:00', '00:00:00', '00:00:00'),
(1462, 1203090, '2015-08-05 07:00:22', NULL, NULL, NULL, NULL, NULL, NULL, '2015-08-05 22:58:40', '00:00:00', '00:00:00', '00:00:00'),
(1463, 1203090, '2015-08-06 07:42:25', NULL, NULL, NULL, NULL, NULL, NULL, '2015-08-06 22:38:37', '00:00:00', '00:00:00', '00:00:00'),
(1464, 1203090, '2015-08-07 07:01:04', NULL, NULL, NULL, NULL, NULL, NULL, '2015-08-07 22:51:38', '00:00:00', '00:00:00', '00:00:00'),
(1465, 1203090, '2015-08-12 07:01:17', NULL, NULL, NULL, NULL, NULL, NULL, '2015-08-12 22:34:00', '00:00:00', '00:00:00', '00:00:00'),
(1466, 1203090, '2015-08-13 07:22:51', NULL, NULL, NULL, NULL, NULL, NULL, '2015-08-13 23:09:21', '00:00:00', '00:00:00', '00:00:00'),
(1467, 1203090, '2015-08-14 07:04:07', NULL, NULL, NULL, NULL, NULL, NULL, '2015-08-14 17:17:49', '00:00:00', '00:00:00', '00:00:00'),
(1468, 702003, '2015-08-03 10:00:52', NULL, NULL, NULL, NULL, NULL, NULL, '2015-08-03 18:16:09', '00:00:00', '00:00:52', '00:00:00'),
(1469, 702003, '2015-08-04 09:51:55', NULL, NULL, NULL, NULL, NULL, NULL, '2015-08-04 18:12:20', '00:00:00', '00:00:00', '00:00:00'),
(1470, 702003, '2015-08-05 10:32:26', NULL, NULL, NULL, NULL, NULL, NULL, '2015-08-05 18:09:43', '00:00:00', '00:32:26', '00:00:00'),
(1471, 702003, '2015-08-06 10:09:51', NULL, NULL, NULL, NULL, NULL, NULL, '2015-08-06 18:23:21', '00:00:00', '00:09:51', '00:00:00'),
(1472, 702003, '2015-08-07 09:58:54', '2015-08-07 12:34:27', '2015-08-07 12:35:49', NULL, NULL, NULL, NULL, '2015-08-07 18:30:02', '00:00:00', '00:00:00', '00:00:00'),
(1473, 702003, '2015-08-10 11:59:00', NULL, NULL, NULL, NULL, NULL, NULL, '2015-08-10 18:00:03', '00:00:00', '01:59:00', '00:00:00'),
(1474, 702003, '2015-08-12 09:52:49', NULL, NULL, NULL, NULL, NULL, NULL, '2015-08-12 18:16:04', '00:00:00', '00:00:00', '00:00:00'),
(1475, 702003, '2015-08-13 11:43:48', NULL, NULL, NULL, NULL, NULL, NULL, '2015-08-13 18:15:46', '00:00:00', '01:43:48', '00:00:00'),
(1476, 702003, '2015-08-14 10:50:30', NULL, NULL, NULL, NULL, NULL, NULL, '2015-08-14 18:54:01', '00:00:00', '00:50:30', '00:00:00'),
(1477, 506001, '2015-08-03 10:07:38', NULL, NULL, NULL, NULL, NULL, NULL, '2015-08-03 18:16:21', '00:00:00', '00:07:38', '00:00:00'),
(1478, 506001, '2015-08-05 09:49:54', '2015-08-05 16:54:22', '2015-08-05 17:03:52', NULL, NULL, NULL, NULL, '2015-08-05 18:09:35', '00:00:00', '00:00:00', '00:00:00'),
(1479, 506001, '2015-08-06 09:32:21', '2015-08-06 12:41:52', '2015-08-06 12:44:22', NULL, NULL, NULL, NULL, '2015-08-06 15:03:17', '02:56:43', '00:00:00', '00:00:00'),
(1480, 506001, '2015-08-07 13:27:07', NULL, NULL, NULL, NULL, NULL, NULL, '2015-08-07 18:00:03', '00:00:00', '03:27:07', '00:00:00'),
(1481, 506001, '2015-08-11 09:45:07', '2015-08-11 15:13:13', '2015-08-11 15:17:12', NULL, NULL, NULL, NULL, '2015-08-11 18:00:59', '00:00:00', '00:00:00', '00:00:00'),
(1482, 506001, '2015-08-12 13:56:34', '2015-08-12 16:03:04', '2015-08-12 16:05:10', NULL, NULL, NULL, NULL, '2015-08-12 18:02:42', '00:00:00', '03:56:34', '00:00:00'),
(1483, 506001, '2015-08-13 10:23:00', NULL, NULL, NULL, NULL, NULL, NULL, '2015-08-13 18:02:21', '00:00:00', '00:23:00', '00:00:00'),
(1484, 140502, '2015-08-03 07:39:05', NULL, NULL, NULL, NULL, NULL, NULL, '2015-08-03 18:10:22', '00:00:00', '00:00:00', '00:00:00'),
(1485, 140502, '2015-08-04 07:12:04', NULL, NULL, NULL, NULL, NULL, NULL, '2015-08-04 17:08:04', '00:00:00', '00:00:00', '00:00:00'),
(1486, 140502, '2015-08-05 07:29:51', NULL, NULL, NULL, NULL, NULL, NULL, '2015-08-05 17:18:07', '00:00:00', '00:00:00', '00:00:00'),
(1487, 140502, '2015-08-06 07:11:56', NULL, NULL, NULL, NULL, NULL, NULL, '2015-08-06 17:06:36', '00:00:00', '00:00:00', '00:00:00'),
(1488, 140502, '2015-08-07 07:47:26', NULL, NULL, NULL, NULL, NULL, NULL, '2015-08-07 17:19:37', '00:00:00', '00:00:00', '00:00:00'),
(1489, 140502, '2015-08-10 08:12:35', '2015-08-10 12:15:13', '2015-08-10 12:42:02', NULL, NULL, NULL, NULL, '2015-08-10 17:13:20', '00:00:00', '00:12:35', '00:11:49'),
(1490, 140502, '2015-08-11 08:32:26', NULL, NULL, NULL, NULL, NULL, NULL, '2015-08-11 17:03:55', '00:00:00', '00:32:26', '00:00:00'),
(1491, 140502, '2015-08-12 07:24:31', NULL, NULL, NULL, NULL, NULL, NULL, '2015-08-12 18:11:14', '00:00:00', '00:00:00', '00:00:00'),
(1492, 140502, '2015-08-13 07:20:21', NULL, NULL, NULL, NULL, NULL, NULL, '2015-08-13 17:14:37', '00:00:00', '00:00:00', '00:00:00'),
(1493, 140502, '2015-08-14 08:44:40', NULL, NULL, NULL, NULL, NULL, NULL, '2015-08-14 17:15:11', '00:00:00', '00:44:40', '00:00:00'),
(1494, 1006041, '2015-08-03 09:16:39', '2015-08-03 12:06:28', '2015-08-03 12:32:37', NULL, NULL, NULL, NULL, '2015-08-03 20:08:30', '00:00:00', '00:16:39', '00:11:09'),
(1495, 1006041, '2015-08-04 09:13:32', '2015-08-04 11:48:17', '2015-08-04 12:13:37', '2015-08-04 13:18:34', '2015-08-04 13:21:31', NULL, NULL, '2015-08-04 19:01:11', '00:00:00', '00:13:32', '00:10:20'),
(1496, 1006041, '2015-08-05 08:57:45', '2015-08-05 11:59:14', '2015-08-05 12:24:20', '2015-08-05 16:02:18', '2015-08-05 16:04:50', NULL, NULL, '2015-08-05 18:12:52', '00:00:00', '00:00:00', '00:10:06'),
(1497, 1006041, '2015-08-06 09:07:27', '2015-08-06 10:44:29', '2015-08-06 10:56:04', NULL, NULL, NULL, NULL, '2015-08-06 18:37:07', '00:00:00', '00:07:27', '00:00:00'),
(1498, 1006041, '2015-08-10 09:18:12', '2015-08-10 11:11:41', '2015-08-10 11:29:02', NULL, NULL, NULL, NULL, '2015-08-10 18:03:07', '00:00:00', '00:18:12', '00:02:21'),
(1499, 1006041, '2015-08-11 09:08:06', '2015-08-11 10:37:09', '2015-08-11 10:51:04', '2015-08-11 12:53:09', '2015-08-11 14:37:18', NULL, NULL, '2015-08-11 18:12:14', '00:00:00', '00:08:06', '00:44:09'),
(1500, 1006041, '2015-08-12 08:57:23', '2015-08-12 09:28:23', '2015-08-12 09:53:19', '2015-08-12 12:05:50', '2015-08-12 12:19:51', NULL, NULL, '2015-08-12 18:17:06', '00:00:00', '00:00:00', '00:09:56'),
(1501, 1006041, '2015-08-14 08:45:42', '2015-08-14 11:04:54', '2015-08-14 11:07:14', NULL, NULL, NULL, NULL, '2015-08-14 18:36:14', '00:00:00', '00:00:00', '00:00:00'),
(1502, 806048, '2015-08-03 08:34:01', NULL, NULL, NULL, NULL, NULL, NULL, '2015-08-03 18:10:05', '00:00:00', '00:00:00', '00:00:00'),
(1503, 806048, '2015-08-04 09:06:41', NULL, NULL, NULL, NULL, NULL, NULL, '2015-08-04 19:26:17', '00:00:00', '00:00:00', '00:00:00'),
(1504, 806048, '2015-08-05 09:45:47', NULL, NULL, NULL, NULL, NULL, NULL, '2015-08-05 18:11:18', '00:00:00', '00:00:00', '00:00:00'),
(1505, 806048, '2015-08-06 10:50:26', NULL, NULL, NULL, NULL, NULL, NULL, '2015-08-06 18:23:26', '00:00:00', '00:50:26', '00:00:00'),
(1506, 806048, '2015-08-07 09:59:29', NULL, NULL, NULL, NULL, NULL, NULL, '2015-08-07 18:32:28', '00:00:00', '00:00:00', '00:00:00'),
(1507, 806048, '2015-08-10 12:56:02', NULL, NULL, NULL, NULL, NULL, NULL, '2015-08-10 17:59:32', '00:00:28', '02:56:02', '00:00:00'),
(1508, 806048, '2015-08-12 09:56:21', NULL, NULL, NULL, NULL, NULL, NULL, '2015-08-12 17:17:59', '00:42:01', '00:00:00', '00:00:00'),
(1509, 806048, '2015-08-13 10:16:22', NULL, NULL, NULL, NULL, NULL, NULL, '2015-08-13 17:46:51', '00:13:09', '00:16:22', '00:00:00'),
(1510, 806048, '2015-08-14 10:19:29', NULL, NULL, NULL, NULL, NULL, NULL, '2015-08-14 18:53:38', '00:00:00', '00:19:29', '00:00:00'),
(1511, 802005, '2015-08-03 13:44:14', NULL, NULL, NULL, NULL, NULL, NULL, '2015-08-03 22:05:14', '00:00:00', '00:00:00', '00:00:00'),
(1512, 802005, '2015-08-04 13:26:54', NULL, NULL, NULL, NULL, NULL, NULL, '2015-08-04 22:00:54', '00:00:00', '00:00:00', '00:00:00'),
(1513, 802005, '2015-08-05 13:57:55', NULL, NULL, NULL, NULL, NULL, NULL, '2015-08-05 22:08:41', '00:00:00', '00:00:00', '00:00:00'),
(1514, 802005, '2015-08-06 13:48:50', NULL, NULL, NULL, NULL, NULL, NULL, '2015-08-06 22:00:14', '00:00:00', '00:00:00', '00:00:00'),
(1515, 802005, '2015-08-07 14:04:57', NULL, NULL, NULL, NULL, NULL, NULL, '2015-08-07 22:01:10', '00:00:00', '00:04:57', '00:00:00'),
(1516, 802005, '2015-08-10 13:39:26', NULL, NULL, NULL, NULL, NULL, NULL, '2015-08-10 22:00:33', '00:00:00', '00:00:00', '00:00:00'),
(1517, 802005, '2015-08-11 13:27:02', NULL, NULL, NULL, NULL, NULL, NULL, '2015-08-11 22:01:56', '00:00:00', '00:00:00', '00:00:00'),
(1518, 802005, '2015-08-12 13:24:05', NULL, NULL, NULL, NULL, NULL, NULL, '2015-08-12 22:02:54', '00:00:00', '00:00:00', '00:00:00'),
(1519, 802005, '2015-08-13 13:30:24', NULL, NULL, NULL, NULL, NULL, NULL, '2015-08-13 22:02:52', '00:00:00', '00:00:00', '00:00:00'),
(1520, 802005, '2015-08-14 13:25:37', NULL, NULL, NULL, NULL, NULL, NULL, '2015-08-14 22:02:02', '00:00:00', '00:00:00', '00:00:00'),
(1521, 810079, '2015-08-03 09:47:05', NULL, NULL, NULL, NULL, NULL, NULL, '2015-08-03 19:10:30', '00:00:00', '00:00:00', '00:00:00'),
(1522, 810079, '2015-08-04 09:52:58', '2015-08-04 11:48:32', '2015-08-04 12:18:09', NULL, NULL, NULL, NULL, '2015-08-04 19:00:04', '00:00:00', '00:00:00', '00:00:00'),
(1523, 810079, '2015-08-05 10:25:34', '2015-08-05 11:59:27', '2015-08-05 12:33:24', NULL, NULL, NULL, NULL, '2015-08-05 18:03:26', '00:00:00', '00:25:34', '00:03:57'),
(1524, 810079, '2015-08-06 09:57:30', '2015-08-06 12:04:37', '2015-08-06 12:34:20', NULL, NULL, NULL, NULL, '2015-08-06 18:23:51', '00:00:00', '00:00:00', '00:00:00'),
(1525, 810079, '2015-08-07 09:57:46', '2015-08-07 12:13:13', '2015-08-07 12:30:48', NULL, NULL, NULL, NULL, '2015-08-07 19:04:25', '00:00:00', '00:00:00', '00:00:00'),
(1526, 810079, '2015-08-10 09:22:10', '2015-08-10 12:15:08', '2015-08-10 12:42:11', NULL, NULL, NULL, NULL, '2015-08-10 18:38:44', '00:00:00', '00:00:00', '00:00:00'),
(1527, 810079, '2015-08-11 09:33:31', '2015-08-11 12:03:48', '2015-08-11 13:14:32', NULL, NULL, NULL, NULL, '2015-08-11 18:22:55', '00:00:00', '00:00:00', '00:40:44'),
(1528, 810079, '2015-08-12 09:31:30', '2015-08-12 12:18:34', '2015-08-12 12:29:24', NULL, NULL, NULL, NULL, '2015-08-12 18:16:22', '00:00:00', '00:00:00', '00:00:00'),
(1529, 810079, '2015-08-13 09:49:02', '2015-08-13 12:18:15', '2015-08-13 13:14:49', NULL, NULL, NULL, NULL, '2015-08-13 18:33:03', '00:00:00', '00:00:00', '00:26:34'),
(1530, 810079, '2015-08-14 10:01:19', '2015-08-14 12:23:44', '2015-08-14 13:03:38', NULL, NULL, NULL, NULL, '2015-08-14 18:54:09', '00:00:00', '00:01:19', '00:09:54'),
(1531, 150506, '2015-08-06 08:46:13', '2015-08-06 11:35:56', '2015-08-06 12:22:55', NULL, NULL, NULL, NULL, '2015-08-06 18:07:56', '00:00:00', '00:00:00', '00:31:59'),
(1532, 150506, '2015-08-07 09:04:02', NULL, NULL, NULL, NULL, NULL, NULL, '2015-08-07 17:59:18', '00:00:42', '00:04:02', '00:00:00'),
(1533, 150501, '2015-08-03 08:29:35', '2015-08-03 12:50:27', '2015-08-03 13:06:39', NULL, NULL, NULL, NULL, '2015-08-03 17:37:31', '00:00:00', '00:00:00', '00:01:12'),
(1534, 150501, '2015-08-04 08:34:43', '2015-08-04 11:07:03', '2015-08-04 13:57:29', '2015-08-04 16:25:11', '2015-08-04 16:36:28', NULL, NULL, '2015-08-04 17:40:43', '00:00:00', '00:04:43', '02:35:26'),
(1535, 150501, '2015-08-05 08:41:41', '2015-08-05 12:42:36', '2015-08-05 13:15:00', NULL, NULL, NULL, NULL, '2015-08-05 17:36:19', '00:00:00', '00:11:41', '00:17:24'),
(1536, 150501, '2015-08-06 08:30:26', '2015-08-06 12:28:07', '2015-08-06 13:15:44', NULL, NULL, NULL, NULL, '2015-08-06 17:47:08', '00:00:00', '00:00:26', '00:32:37'),
(1537, 150501, '2015-08-10 08:03:19', '2015-08-10 13:23:44', '2015-08-10 14:29:52', NULL, NULL, NULL, NULL, '2015-08-10 17:53:55', '00:00:00', '00:00:00', '00:51:08'),
(1538, 150501, '2015-08-11 08:31:43', '2015-08-11 11:50:14', '2015-08-11 12:56:53', NULL, NULL, NULL, NULL, '2015-08-11 18:15:02', '00:00:00', '00:01:43', '00:51:39'),
(1539, 150501, '2015-08-12 07:59:28', '2015-08-12 12:54:44', '2015-08-12 14:29:10', NULL, NULL, NULL, NULL, '2015-08-12 17:46:01', '00:00:00', '00:00:00', '01:19:26'),
(1540, 150501, '2015-08-13 08:51:13', '2015-08-13 12:45:11', '2015-08-13 12:58:57', NULL, NULL, NULL, NULL, '2015-08-13 17:31:15', '00:00:00', '00:21:13', '00:00:00'),
(1541, 150501, '2015-08-14 08:06:03', '2015-08-14 12:06:24', '2015-08-14 12:40:05', '2015-08-14 16:21:48', '2015-08-14 16:29:08', NULL, NULL, '2015-08-14 18:53:06', '00:00:00', '00:00:00', '00:18:41');

-- --------------------------------------------------------

--
-- Table structure for table `employee_shifts`
--

CREATE TABLE IF NOT EXISTS `employee_shifts` (
`id` int(10) unsigned NOT NULL,
  `employee_id` int(11) unsigned NOT NULL,
  `shift_id` int(11) unsigned NOT NULL,
  `date_from` date DEFAULT NULL,
  `date_to` date DEFAULT NULL,
  `created_at` timestamp NOT NULL DEFAULT CURRENT_TIMESTAMP ON UPDATE CURRENT_TIMESTAMP,
  `updated_at` timestamp NOT NULL DEFAULT '0000-00-00 00:00:00'
) ENGINE=InnoDB  DEFAULT CHARSET=latin1 AUTO_INCREMENT=96 ;

--
-- Dumping data for table `employee_shifts`
--

INSERT INTO `employee_shifts` (`id`, `employee_id`, `shift_id`, `date_from`, `date_to`, `created_at`, `updated_at`) VALUES
(1, 1, 7, '2015-07-01', '2015-12-31', '2015-08-15 11:29:46', '0000-00-00 00:00:00'),
(2, 3, 9, '2015-07-01', '2015-12-31', '2015-08-15 11:31:25', '0000-00-00 00:00:00'),
(3, 4, 21, '2015-07-01', '2015-12-31', '2015-08-17 01:43:51', '2015-08-16 17:43:51'),
(4, 5, 9, '2015-07-01', '2015-12-31', '2015-08-17 01:43:51', '2015-08-16 17:43:51'),
(5, 6, 9, '2015-07-01', '2015-12-31', '2015-08-17 01:43:51', '2015-08-16 17:43:51'),
(6, 7, 4, '2015-07-01', '2015-12-31', '2015-08-17 01:43:51', '2015-08-16 17:43:51'),
(7, 8, 8, '2015-07-01', '2015-12-31', '2015-08-17 01:43:51', '2015-08-16 17:43:51'),
(8, 9, 3, '2015-07-01', '2015-12-31', '2015-08-17 01:43:51', '2015-08-16 17:43:51'),
(9, 10, 3, '2015-07-01', '2015-12-31', '2015-08-17 01:43:51', '2015-08-16 17:43:51'),
(10, 11, 9, '2015-07-01', '2015-12-31', '2015-08-17 01:43:51', '2015-08-16 17:43:51'),
(11, 12, 3, '2015-07-01', '2015-12-31', '2015-08-17 01:43:51', '2015-08-16 17:43:51'),
(12, 13, 18, '2015-07-01', '2015-12-31', '2015-08-18 06:18:34', '2015-08-17 22:18:34'),
(13, 20, 4, '2015-07-01', '2015-12-31', '2015-08-17 01:43:51', '2015-08-16 17:43:51'),
(14, 21, 19, '2015-07-01', '2015-12-31', '2015-08-17 01:43:51', '2015-08-16 17:43:51'),
(15, 22, 3, '2015-07-01', '2015-12-31', '2015-08-17 01:43:51', '2015-08-16 17:43:51'),
(16, 23, 4, '2015-07-01', '2015-12-31', '2015-08-17 01:43:51', '2015-08-16 17:43:51'),
(17, 24, 4, '2015-07-01', '2015-12-31', '2015-08-17 01:43:51', '2015-08-16 17:43:51'),
(18, 25, 3, '2015-07-01', '2015-12-31', '2015-08-17 01:43:51', '2015-08-16 17:43:51'),
(19, 26, 3, '2015-07-01', '2015-12-31', '2015-08-17 01:43:51', '2015-08-16 17:43:51'),
(20, 27, 15, '2015-07-01', '2015-12-31', '2015-08-17 01:43:51', '2015-08-16 17:43:51'),
(21, 28, 14, '2015-07-01', '2015-12-31', '2015-08-17 01:43:51', '2015-08-16 17:43:51'),
(22, 29, 4, '2015-07-01', '2015-12-31', '2015-08-17 01:43:51', '2015-08-16 17:43:51'),
(23, 30, 8, '2015-07-01', '2015-12-31', '2015-08-17 01:43:51', '2015-08-16 17:43:51'),
(24, 31, 4, '2015-07-01', '2015-08-06', '2015-08-20 05:53:41', '2015-08-19 21:53:41'),
(25, 32, 9, '2015-07-01', '2015-12-31', '2015-08-17 01:43:52', '2015-08-16 17:43:51'),
(26, 33, 4, '2015-07-01', '2015-12-31', '2015-08-17 01:43:52', '2015-08-16 17:43:52'),
(27, 34, 4, '2015-07-01', '2015-12-31', '2015-08-17 01:43:52', '2015-08-16 17:43:52'),
(28, 35, 4, '2015-07-01', '2015-12-31', '2015-08-17 01:43:52', '2015-08-16 17:43:52'),
(29, 36, 18, '2015-07-01', '2015-12-31', '2015-08-17 01:43:52', '2015-08-16 17:43:52'),
(30, 37, 4, '2015-07-01', '2015-12-31', '2015-08-17 01:43:52', '2015-08-16 17:43:52'),
(31, 38, 4, '2015-07-01', '2015-12-31', '2015-08-17 01:43:52', '2015-08-16 17:43:52'),
(32, 39, 4, '2015-07-01', '2015-12-31', '2015-08-17 01:43:52', '2015-08-16 17:43:52'),
(33, 40, 25, '2015-07-01', '2015-12-31', '2015-08-18 06:15:30', '2015-08-17 22:15:30'),
(34, 41, 4, '2015-07-01', '2015-12-31', '2015-08-17 01:43:52', '2015-08-16 17:43:52'),
(35, 42, 4, '2015-07-01', '2015-12-31', '2015-08-17 01:43:52', '2015-08-16 17:43:52'),
(36, 43, 4, '2015-07-01', '2015-12-31', '2015-08-17 01:43:52', '2015-08-16 17:43:52'),
(37, 44, 4, '2015-07-01', '2015-12-31', '2015-08-17 01:43:52', '2015-08-16 17:43:52'),
(38, 45, 4, '2015-07-01', '2015-12-31', '2015-08-17 01:43:52', '2015-08-16 17:43:52'),
(39, 46, 9, '2015-07-01', '2015-12-31', '2015-08-17 01:43:52', '2015-08-16 17:43:52'),
(40, 47, 18, '2015-07-01', '2015-12-31', '2015-08-18 05:27:49', '2015-08-17 21:27:49'),
(41, 48, 4, '2015-07-01', '2015-12-31', '2015-08-17 01:43:52', '2015-08-16 17:43:52'),
(42, 49, 25, '2015-07-01', '2015-12-31', '2015-08-18 06:22:14', '2015-08-17 22:22:14'),
(43, 51, 8, '2015-07-01', '2015-08-10', '2015-08-20 06:00:13', '2015-08-19 22:00:13'),
(44, 52, 10, '2015-07-01', '2015-12-31', '2015-08-17 01:43:52', '2015-08-16 17:43:52'),
(45, 66, 8, '2015-07-01', '2015-12-31', '2015-08-17 06:06:47', '0000-00-00 00:00:00'),
(46, 67, 4, '2015-07-01', '2015-08-03', '2015-08-20 05:52:10', '2015-08-19 21:52:10'),
(47, 68, 14, '2015-07-01', '2015-12-31', '2015-08-17 06:08:23', '0000-00-00 00:00:00'),
(48, 69, 10, '2015-07-01', '2015-12-31', '2015-08-17 06:08:54', '0000-00-00 00:00:00'),
(49, 70, 8, '2015-07-01', '2015-12-31', '2015-08-17 06:09:20', '0000-00-00 00:00:00'),
(50, 72, 4, '2015-07-01', '2015-12-31', '2015-08-17 06:10:21', '0000-00-00 00:00:00'),
(51, 73, 4, '2015-07-01', '2015-12-31', '2015-08-17 06:10:48', '0000-00-00 00:00:00'),
(52, 74, 19, '2015-07-01', '2015-12-31', '2015-08-17 06:11:32', '0000-00-00 00:00:00'),
(53, 71, 24, '2015-07-01', '2015-12-31', '2015-08-17 06:13:11', '0000-00-00 00:00:00'),
(54, 75, 10, '2015-07-01', '2015-12-31', '2015-08-17 06:13:53', '0000-00-00 00:00:00'),
(55, 76, 4, '2015-07-01', '2015-12-31', '2015-08-17 06:14:15', '0000-00-00 00:00:00'),
(56, 14, 3, '2015-07-01', '2015-12-31', '2015-08-18 04:38:56', '0000-00-00 00:00:00'),
(57, 15, 10, '2015-07-01', '2015-12-31', '2015-08-18 04:39:44', '0000-00-00 00:00:00'),
(58, 16, 8, '2015-07-01', '2015-12-31', '2015-08-18 04:40:44', '0000-00-00 00:00:00'),
(59, 17, 3, '2015-07-01', '2015-12-31', '2015-08-18 04:41:24', '0000-00-00 00:00:00'),
(60, 18, 19, '2015-07-01', '2015-12-31', '2015-08-18 04:42:08', '0000-00-00 00:00:00'),
(61, 19, 4, '2015-07-01', '2015-12-31', '2015-08-18 04:43:04', '0000-00-00 00:00:00'),
(62, 50, 25, '2015-07-01', '2015-12-31', '2015-08-18 06:10:25', '0000-00-00 00:00:00'),
(74, 66, 26, '2015-07-01', '2015-12-31', '2015-08-20 02:20:03', '0000-00-00 00:00:00'),
(75, 66, 27, '2015-07-01', '2015-12-31', '2015-08-20 02:24:53', '0000-00-00 00:00:00'),
(85, 67, 8, '2015-08-04', '2015-08-28', '2015-08-20 05:52:54', '0000-00-00 00:00:00'),
(86, 31, 8, '2015-08-07', '2015-12-07', '2015-08-20 06:04:42', '2015-08-19 22:04:42'),
(87, 51, 11, '2015-08-11', '2015-12-31', '2015-08-20 06:00:35', '0000-00-00 00:00:00'),
(88, 31, 4, '2015-08-08', '2015-12-31', '2015-08-20 06:05:25', '0000-00-00 00:00:00'),
(89, 66, 19, '2015-08-07', '2015-08-07', '2015-08-20 06:21:49', '0000-00-00 00:00:00'),
(90, 35, 19, '2015-08-14', '2015-08-14', '2015-08-20 06:24:22', '0000-00-00 00:00:00'),
(91, 30, 29, '2015-08-08', '2015-08-08', '2015-08-20 06:38:24', '0000-00-00 00:00:00'),
(92, 30, 30, '2015-08-10', '2015-08-10', '2015-08-20 06:40:04', '0000-00-00 00:00:00'),
(93, 21, 28, '2015-08-08', '2015-08-08', '2015-08-20 06:42:59', '0000-00-00 00:00:00'),
(94, 7, 14, '2015-08-12', '2015-12-31', '2015-08-20 06:44:06', '0000-00-00 00:00:00'),
(95, 19, 14, '2015-08-12', '2015-12-31', '2015-08-20 06:45:34', '0000-00-00 00:00:00');

-- --------------------------------------------------------

--
-- Table structure for table `employee_shift_days`
--

CREATE TABLE IF NOT EXISTS `employee_shift_days` (
`id` int(10) unsigned NOT NULL,
  `employee_shift_id` int(10) unsigned NOT NULL,
  `day` enum('mon','tue','wed','thu','fri','sat','sun') NOT NULL
) ENGINE=InnoDB  DEFAULT CHARSET=latin1 AUTO_INCREMENT=526 ;

--
-- Dumping data for table `employee_shift_days`
--

INSERT INTO `employee_shift_days` (`id`, `employee_shift_id`, `day`) VALUES
(36, 41, 'mon'),
(37, 41, 'tue'),
(38, 41, 'wed'),
(39, 41, 'thu'),
(40, 41, 'fri'),
(41, 62, 'mon'),
(42, 62, 'tue'),
(43, 62, 'wed'),
(44, 62, 'thu'),
(45, 62, 'fri'),
(60, 59, 'mon'),
(61, 59, 'tue'),
(62, 59, 'wed'),
(63, 59, 'thu'),
(64, 59, 'fri'),
(65, 59, 'sat'),
(192, 44, 'mon'),
(193, 44, 'tue'),
(194, 44, 'wed'),
(195, 44, 'thu'),
(196, 44, 'fri'),
(210, 2, 'mon'),
(211, 2, 'tue'),
(212, 2, 'wed'),
(213, 2, 'thu'),
(214, 2, 'fri'),
(233, 21, 'mon'),
(234, 21, 'tue'),
(235, 21, 'wed'),
(236, 21, 'thu'),
(237, 21, 'fri'),
(238, 33, 'mon'),
(239, 33, 'tue'),
(240, 33, 'wed'),
(241, 33, 'thu'),
(242, 33, 'fri'),
(258, 45, 'tue'),
(259, 45, 'wed'),
(260, 45, 'thu'),
(261, 45, 'fri'),
(263, 74, 'sat'),
(264, 75, 'mon'),
(298, 40, 'mon'),
(299, 40, 'tue'),
(300, 40, 'wed'),
(301, 40, 'thu'),
(302, 40, 'fri'),
(303, 10, 'mon'),
(304, 10, 'tue'),
(305, 10, 'wed'),
(306, 10, 'thu'),
(307, 10, 'fri'),
(308, 11, 'mon'),
(309, 11, 'tue'),
(310, 11, 'wed'),
(311, 11, 'thu'),
(312, 11, 'fri'),
(313, 57, 'mon'),
(314, 57, 'tue'),
(315, 57, 'wed'),
(316, 57, 'thu'),
(317, 57, 'fri'),
(318, 22, 'mon'),
(319, 22, 'tue'),
(320, 22, 'wed'),
(321, 22, 'thu'),
(322, 22, 'fri'),
(323, 54, 'mon'),
(324, 54, 'tue'),
(325, 54, 'wed'),
(326, 54, 'thu'),
(327, 54, 'fri'),
(328, 58, 'mon'),
(329, 58, 'tue'),
(330, 58, 'wed'),
(331, 58, 'thu'),
(332, 58, 'fri'),
(333, 5, 'mon'),
(334, 5, 'tue'),
(335, 5, 'wed'),
(336, 5, 'thu'),
(337, 5, 'fri'),
(338, 34, 'mon'),
(339, 34, 'tue'),
(340, 34, 'wed'),
(341, 34, 'thu'),
(342, 34, 'fri'),
(343, 27, 'mon'),
(344, 27, 'tue'),
(345, 27, 'wed'),
(346, 27, 'thu'),
(347, 27, 'fri'),
(348, 15, 'mon'),
(349, 15, 'tue'),
(350, 15, 'wed'),
(351, 15, 'thu'),
(352, 15, 'fri'),
(353, 46, 'mon'),
(354, 46, 'tue'),
(355, 46, 'wed'),
(356, 46, 'thu'),
(357, 46, 'fri'),
(358, 85, 'mon'),
(359, 85, 'tue'),
(360, 85, 'wed'),
(361, 85, 'thu'),
(362, 85, 'fri'),
(363, 24, 'mon'),
(364, 24, 'tue'),
(365, 24, 'wed'),
(366, 24, 'thu'),
(367, 24, 'fri'),
(373, 18, 'mon'),
(374, 18, 'tue'),
(375, 18, 'wed'),
(376, 18, 'thu'),
(377, 18, 'fri'),
(378, 4, 'mon'),
(379, 4, 'tue'),
(380, 4, 'wed'),
(381, 4, 'thu'),
(382, 4, 'fri'),
(383, 56, 'mon'),
(384, 56, 'tue'),
(385, 56, 'wed'),
(386, 56, 'thu'),
(387, 56, 'fri'),
(388, 26, 'mon'),
(389, 26, 'tue'),
(390, 26, 'wed'),
(391, 26, 'thu'),
(392, 26, 'fri'),
(393, 48, 'mon'),
(394, 48, 'tue'),
(395, 48, 'wed'),
(396, 48, 'thu'),
(397, 48, 'fri'),
(398, 8, 'mon'),
(399, 8, 'tue'),
(400, 8, 'wed'),
(401, 8, 'thu'),
(402, 8, 'fri'),
(403, 1, 'mon'),
(404, 1, 'tue'),
(405, 1, 'wed'),
(406, 1, 'thu'),
(407, 1, 'fri'),
(408, 43, 'mon'),
(409, 43, 'tue'),
(410, 43, 'wed'),
(411, 43, 'thu'),
(412, 43, 'fri'),
(413, 87, 'mon'),
(414, 87, 'tue'),
(415, 87, 'wed'),
(416, 87, 'thu'),
(417, 87, 'fri'),
(418, 86, 'mon'),
(419, 86, 'tue'),
(420, 86, 'wed'),
(421, 86, 'thu'),
(422, 86, 'fri'),
(423, 88, 'mon'),
(424, 88, 'tue'),
(425, 88, 'wed'),
(426, 88, 'thu'),
(427, 88, 'fri'),
(428, 50, 'mon'),
(429, 50, 'tue'),
(430, 50, 'wed'),
(431, 50, 'thu'),
(432, 50, 'fri'),
(433, 19, 'mon'),
(434, 19, 'tue'),
(435, 19, 'wed'),
(436, 19, 'thu'),
(437, 19, 'fri'),
(438, 51, 'mon'),
(439, 51, 'tue'),
(440, 51, 'wed'),
(441, 51, 'thu'),
(442, 51, 'fri'),
(443, 89, 'mon'),
(444, 89, 'tue'),
(445, 89, 'wed'),
(446, 89, 'thu'),
(447, 89, 'fri'),
(448, 28, 'mon'),
(449, 28, 'tue'),
(450, 28, 'wed'),
(451, 28, 'thu'),
(452, 28, 'fri'),
(453, 90, 'mon'),
(454, 90, 'tue'),
(455, 90, 'wed'),
(456, 90, 'thu'),
(457, 90, 'fri'),
(458, 31, 'mon'),
(459, 31, 'tue'),
(460, 31, 'wed'),
(461, 31, 'thu'),
(462, 31, 'fri'),
(463, 25, 'mon'),
(464, 25, 'tue'),
(465, 25, 'wed'),
(466, 25, 'thu'),
(467, 25, 'fri'),
(468, 17, 'mon'),
(469, 17, 'tue'),
(470, 17, 'wed'),
(471, 17, 'thu'),
(472, 17, 'fri'),
(473, 39, 'mon'),
(474, 39, 'tue'),
(475, 39, 'wed'),
(476, 39, 'thu'),
(477, 39, 'fri'),
(478, 7, 'mon'),
(479, 7, 'tue'),
(480, 7, 'wed'),
(481, 7, 'thu'),
(482, 7, 'fri'),
(483, 23, 'mon'),
(484, 23, 'tue'),
(485, 23, 'wed'),
(486, 23, 'thu'),
(487, 23, 'fri'),
(488, 91, 'sat'),
(489, 92, 'mon'),
(490, 14, 'mon'),
(491, 14, 'tue'),
(492, 14, 'wed'),
(493, 14, 'thu'),
(494, 14, 'fri'),
(495, 93, 'sat'),
(496, 6, 'mon'),
(497, 6, 'tue'),
(498, 6, 'wed'),
(499, 6, 'thu'),
(500, 6, 'fri'),
(501, 94, 'mon'),
(502, 94, 'tue'),
(503, 94, 'wed'),
(504, 94, 'thu'),
(505, 94, 'fri'),
(506, 12, 'mon'),
(507, 12, 'tue'),
(508, 12, 'wed'),
(509, 12, 'thu'),
(510, 12, 'fri'),
(511, 61, 'mon'),
(512, 61, 'tue'),
(513, 61, 'wed'),
(514, 61, 'thu'),
(515, 61, 'fri'),
(516, 95, 'mon'),
(517, 95, 'tue'),
(518, 95, 'wed'),
(519, 95, 'thu'),
(520, 95, 'fri'),
(521, 49, 'mon'),
(522, 49, 'tue'),
(523, 49, 'wed'),
(524, 49, 'thu'),
(525, 49, 'fri');

-- --------------------------------------------------------

--
-- Table structure for table `migrations`
--

CREATE TABLE IF NOT EXISTS `migrations` (
  `migration` varchar(255) COLLATE utf8_unicode_ci NOT NULL,
  `batch` int(11) NOT NULL
) ENGINE=InnoDB DEFAULT CHARSET=utf8 COLLATE=utf8_unicode_ci;

--
-- Dumping data for table `migrations`
--

INSERT INTO `migrations` (`migration`, `batch`) VALUES
('2014_10_12_000000_create_users_table', 1),
('2014_10_12_100000_create_password_resets_table', 1);

-- --------------------------------------------------------

--
-- Table structure for table `password_resets`
--

CREATE TABLE IF NOT EXISTS `password_resets` (
  `email` varchar(255) COLLATE utf8_unicode_ci NOT NULL,
  `token` varchar(255) COLLATE utf8_unicode_ci NOT NULL,
  `created_at` timestamp NOT NULL DEFAULT '0000-00-00 00:00:00'
) ENGINE=InnoDB DEFAULT CHARSET=utf8 COLLATE=utf8_unicode_ci;

-- --------------------------------------------------------

--
-- Table structure for table `shifts`
--

CREATE TABLE IF NOT EXISTS `shifts` (
`id` int(10) unsigned NOT NULL,
  `description` varchar(255) NOT NULL,
  `shift_from` time NOT NULL,
  `shift_to` time NOT NULL,
  `working_hours` time NOT NULL,
  `break` time NOT NULL,
  `created_at` timestamp NOT NULL DEFAULT CURRENT_TIMESTAMP ON UPDATE CURRENT_TIMESTAMP,
  `updated_at` timestamp NOT NULL DEFAULT '0000-00-00 00:00:00'
) ENGINE=InnoDB  DEFAULT CHARSET=latin1 AUTO_INCREMENT=32 ;

--
-- Dumping data for table `shifts`
--

INSERT INTO `shifts` (`id`, `description`, `shift_from`, `shift_to`, `working_hours`, `break`, `created_at`, `updated_at`) VALUES
(3, 'Shift 1', '09:00:00', '17:00:00', '08:00:00', '00:30:00', '2015-08-15 02:55:35', '0000-00-00 00:00:00'),
(4, 'Shift 2', '08:30:00', '17:30:00', '09:00:00', '01:30:00', '2015-08-15 02:55:35', '0000-00-00 00:00:00'),
(5, 'Shift 3', '22:00:00', '06:00:00', '08:00:00', '00:30:00', '2015-08-15 02:57:34', '0000-00-00 00:00:00'),
(6, 'Shift 4', '23:00:00', '08:00:00', '09:00:00', '01:30:00', '2015-08-18 06:09:11', '0000-00-00 00:00:00'),
(7, 'Shift 5', '14:00:00', '22:00:00', '08:00:00', '00:30:00', '2015-08-15 02:58:09', '0000-00-00 00:00:00'),
(8, 'Shift 6', '06:00:00', '14:00:00', '08:00:00', '00:30:00', '2015-08-15 03:00:06', '0000-00-00 00:00:00'),
(9, 'Shift 7', '10:00:00', '18:00:00', '08:00:00', '00:30:00', '2015-08-15 03:00:39', '0000-00-00 00:00:00'),
(10, 'Shift 8', '09:00:00', '18:00:00', '09:00:00', '01:30:00', '2015-08-15 03:01:13', '0000-00-00 00:00:00'),
(11, 'Shift 9', '07:00:00', '15:00:00', '08:00:00', '00:30:00', '2015-08-15 03:03:42', '0000-00-00 00:00:00'),
(12, 'Shift 10', '13:00:00', '21:00:00', '08:00:00', '00:30:00', '2015-08-15 03:14:36', '0000-00-00 00:00:00'),
(13, 'Shift 11', '00:00:00', '08:00:00', '08:00:00', '00:30:00', '2015-08-15 03:16:25', '0000-00-00 00:00:00'),
(14, 'Shift 12', '16:00:00', '00:00:00', '08:00:00', '00:30:00', '2015-08-18 06:08:26', '0000-00-00 00:00:00'),
(15, 'Shift 13', '16:00:00', '01:00:00', '09:00:00', '01:30:00', '2015-08-15 03:19:19', '0000-00-00 00:00:00'),
(17, 'Shift 14', '06:00:00', '15:00:00', '09:00:00', '01:30:00', '2015-08-18 06:05:46', '2015-08-14 19:59:56'),
(18, 'Shift 15', '08:00:00', '17:00:00', '09:00:00', '01:30:00', '2015-08-18 06:06:57', '2015-08-14 20:02:41'),
(19, 'Shift 16', '08:00:00', '16:00:00', '08:00:00', '00:30:00', '2015-08-15 04:22:45', '0000-00-00 00:00:00'),
(20, 'Shift 17', '07:00:00', '17:00:00', '09:00:00', '01:30:00', '2015-08-15 04:23:20', '0000-00-00 00:00:00'),
(21, 'Shift 18', '11:00:00', '19:00:00', '08:00:00', '00:30:00', '2015-08-15 04:24:04', '0000-00-00 00:00:00'),
(22, 'Shift 19', '10:00:00', '19:00:00', '09:00:00', '01:30:00', '2015-08-18 06:07:35', '0000-00-00 00:00:00'),
(23, 'Shift 20', '07:00:00', '16:00:00', '09:00:00', '01:30:00', '2015-08-15 11:04:58', '0000-00-00 00:00:00'),
(24, 'Shift 21', '05:00:00', '14:00:00', '09:00:00', '01:30:00', '2015-08-18 06:03:32', '2015-08-16 22:12:14'),
(25, 'Shift 22', '23:00:00', '07:00:00', '08:00:00', '00:30:00', '2015-08-18 06:02:46', '2015-08-17 22:02:24'),
(26, 'Shift 24', '06:00:00', '12:00:00', '00:00:00', '00:30:00', '2015-08-19 18:19:35', '2015-08-19 18:19:35'),
(27, 'Shift 25', '08:00:00', '12:00:00', '00:00:00', '00:00:00', '2015-08-19 18:22:18', '2015-08-19 18:22:18'),
(28, 'Shift 26', '06:00:00', '10:00:00', '00:00:00', '00:00:00', '2015-08-19 18:23:05', '2015-08-19 18:23:05'),
(29, 'Shift 25', '06:00:00', '08:00:00', '00:00:00', '00:00:00', '2015-08-19 22:37:39', '2015-08-19 22:37:39'),
(30, 'Shift 26', '08:00:00', '14:00:00', '00:00:00', '00:00:00', '2015-08-19 22:39:21', '2015-08-19 22:39:21'),
(31, 'Shift 27', '05:00:00', '10:00:00', '00:00:00', '00:00:00', '2015-08-19 22:41:58', '2015-08-19 22:41:58');

-- --------------------------------------------------------

--
-- Table structure for table `users`
--

CREATE TABLE IF NOT EXISTS `users` (
`id` int(10) unsigned NOT NULL,
  `name` varchar(255) COLLATE utf8_unicode_ci NOT NULL,
  `email` varchar(255) COLLATE utf8_unicode_ci NOT NULL,
  `username` varchar(32) COLLATE utf8_unicode_ci NOT NULL,
  `password` varchar(60) COLLATE utf8_unicode_ci NOT NULL,
  `user_type` enum('admin') COLLATE utf8_unicode_ci NOT NULL,
  `remember_token` varchar(100) COLLATE utf8_unicode_ci DEFAULT NULL,
  `created_at` timestamp NOT NULL DEFAULT '0000-00-00 00:00:00',
  `updated_at` timestamp NOT NULL DEFAULT '0000-00-00 00:00:00'
) ENGINE=InnoDB  DEFAULT CHARSET=utf8 COLLATE=utf8_unicode_ci AUTO_INCREMENT=10 ;

--
-- Dumping data for table `users`
--

INSERT INTO `users` (`id`, `name`, `email`, `username`, `password`, `user_type`, `remember_token`, `created_at`, `updated_at`) VALUES
(7, 'Rosemale-John II C. Villacorta', 'rosemalejohn@gmail.com', 'rosemalejohn', '$2y$10$FuqYG4eDr6kTW00RwvWVJ.EHPPkVrOO273CQ7mRROIRYSBVZ9NrPG', 'admin', 'n5wUVJCgoFWhK32vkfSXioGhxIdfa1y8WQ9QK2iDaKMeUgvV7uiTfOF5Sn2U', '2015-08-14 23:34:32', '2015-08-19 19:10:20'),
(8, 'Nepthaly Talavera', 'nepthaly.talavera@hpoutsourcinginc.com', 'ntalavera', '$2y$10$SLQ2sCBXWHB6MKzhsHMBxOj5glIkOrSMjCRPAM1EbR9.jLfXmDe1m', 'admin', NULL, '2015-08-17 17:56:03', '2015-08-17 17:56:03');

--
-- Indexes for dumped tables
--

--
-- Indexes for table `departments`
--
ALTER TABLE `departments`
 ADD PRIMARY KEY (`id`);

--
-- Indexes for table `employees`
--
ALTER TABLE `employees`
 ADD PRIMARY KEY (`id`), ADD UNIQUE KEY `employee_id` (`employee_id`), ADD KEY `department_id` (`department_id`);

--
-- Indexes for table `employee_dtr`
--
ALTER TABLE `employee_dtr`
 ADD PRIMARY KEY (`id`), ADD KEY `employee_id` (`employee_id`);

--
-- Indexes for table `employee_shifts`
--
ALTER TABLE `employee_shifts`
 ADD PRIMARY KEY (`id`), ADD KEY `employee_id` (`employee_id`), ADD KEY `shift_id` (`shift_id`);

--
-- Indexes for table `employee_shift_days`
--
ALTER TABLE `employee_shift_days`
 ADD PRIMARY KEY (`id`), ADD KEY `employee_shift_id` (`employee_shift_id`);

--
-- Indexes for table `password_resets`
--
ALTER TABLE `password_resets`
 ADD KEY `password_resets_email_index` (`email`), ADD KEY `password_resets_token_index` (`token`);

--
-- Indexes for table `shifts`
--
ALTER TABLE `shifts`
 ADD PRIMARY KEY (`id`);

--
-- Indexes for table `users`
--
ALTER TABLE `users`
 ADD PRIMARY KEY (`id`), ADD UNIQUE KEY `users_email_unique` (`email`), ADD UNIQUE KEY `username` (`username`);

--
-- AUTO_INCREMENT for dumped tables
--

--
-- AUTO_INCREMENT for table `departments`
--
ALTER TABLE `departments`
MODIFY `id` int(10) unsigned NOT NULL AUTO_INCREMENT,AUTO_INCREMENT=10;
--
-- AUTO_INCREMENT for table `employees`
--
ALTER TABLE `employees`
MODIFY `id` int(10) unsigned NOT NULL AUTO_INCREMENT,AUTO_INCREMENT=77;
--
-- AUTO_INCREMENT for table `employee_dtr`
--
ALTER TABLE `employee_dtr`
MODIFY `id` int(10) unsigned NOT NULL AUTO_INCREMENT,AUTO_INCREMENT=1542;
--
-- AUTO_INCREMENT for table `employee_shifts`
--
ALTER TABLE `employee_shifts`
MODIFY `id` int(10) unsigned NOT NULL AUTO_INCREMENT,AUTO_INCREMENT=96;
--
-- AUTO_INCREMENT for table `employee_shift_days`
--
ALTER TABLE `employee_shift_days`
MODIFY `id` int(10) unsigned NOT NULL AUTO_INCREMENT,AUTO_INCREMENT=526;
--
-- AUTO_INCREMENT for table `shifts`
--
ALTER TABLE `shifts`
MODIFY `id` int(10) unsigned NOT NULL AUTO_INCREMENT,AUTO_INCREMENT=32;
--
-- AUTO_INCREMENT for table `users`
--
ALTER TABLE `users`
MODIFY `id` int(10) unsigned NOT NULL AUTO_INCREMENT,AUTO_INCREMENT=10;
--
-- Constraints for dumped tables
--

--
-- Constraints for table `employees`
--
ALTER TABLE `employees`
ADD CONSTRAINT `employees_ibfk_1` FOREIGN KEY (`department_id`) REFERENCES `departments` (`id`) ON DELETE CASCADE ON UPDATE CASCADE;

--
-- Constraints for table `employee_dtr`
--
ALTER TABLE `employee_dtr`
ADD CONSTRAINT `employee_dtr_ibfk_1` FOREIGN KEY (`employee_id`) REFERENCES `employees` (`employee_id`) ON DELETE CASCADE ON UPDATE CASCADE;

--
-- Constraints for table `employee_shifts`
--
ALTER TABLE `employee_shifts`
ADD CONSTRAINT `employee_shifts_ibfk_1` FOREIGN KEY (`employee_id`) REFERENCES `employees` (`id`) ON DELETE CASCADE ON UPDATE CASCADE,
ADD CONSTRAINT `employee_shifts_ibfk_2` FOREIGN KEY (`shift_id`) REFERENCES `shifts` (`id`) ON DELETE CASCADE ON UPDATE CASCADE;

--
-- Constraints for table `employee_shift_days`
--
ALTER TABLE `employee_shift_days`
ADD CONSTRAINT `employee_shift_days_ibfk_1` FOREIGN KEY (`employee_shift_id`) REFERENCES `employee_shifts` (`id`) ON DELETE CASCADE ON UPDATE CASCADE;

/*!40101 SET CHARACTER_SET_CLIENT=@OLD_CHARACTER_SET_CLIENT */;
/*!40101 SET CHARACTER_SET_RESULTS=@OLD_CHARACTER_SET_RESULTS */;
/*!40101 SET COLLATION_CONNECTION=@OLD_COLLATION_CONNECTION */;
